timestamp,jam,voltage,current,power,energy,suhu_ruangan,jumlah_orang,suhu_ac,status
2026-05-01 00:00:00,0,218.6,1.44,315.04,0.0009,24.6,2,26,NORMAL
2026-05-01 00:00:10,0,216.5,2.65,574.15,0.0016,28.4,1,24,NORMAL
2026-05-01 00:00:20,0,222.7,3.58,796.29,0.0022,32.0,2,22,NORMAL
2026-05-01 00:00:30,0,221.3,2.39,529.03,0.0015,29.5,1,24,NORMAL
2026-05-01 00:00:40,0,220.1,2.38,524.47,0.0015,27.1,3,24,NORMAL
2026-05-01 00:00:50,0,215.6,1.53,328.98,0.0009,24.7,2,26,NORMAL
2026-05-01 00:01:00,0,220.6,3.15,695.25,0.0019,27.9,1,24,NORMAL
2026-05-01 00:01:10,0,217.7,3.09,673.63,0.0019,29.1,1,24,NORMAL
2026-05-01 00:01:20,0,220.6,0.05,10.88,0.0,26.3,0,OFF,NORMAL
2026-05-01 00:01:30,0,223.2,1.92,429.41,0.0012,25.3,3,26,NORMAL
2026-05-01 00:01:40,0,219.4,0.08,16.75,0.0,25.3,0,OFF,NORMAL
2026-05-01 00:01:50,0,222.3,1.38,305.87,0.0008,24.5,2,26,NORMAL
2026-05-01 00:02:00,0,220.0,1.71,376.32,0.001,24.4,3,26,NORMAL
2026-05-01 00:02:10,0,221.6,2.08,460.53,0.0013,24.9,1,26,NORMAL
2026-05-01 00:02:20,0,224.7,0.06,14.3,0.0,30.5,0,OFF,NORMAL
2026-05-01 00:02:30,0,220.7,0.04,8.87,0.0,30.4,0,OFF,NORMAL
2026-05-01 00:02:40,0,224.3,4.16,932.09,0.0026,31.2,1,22,NORMAL
2026-05-01 00:02:50,0,217.6,2.57,559.19,0.0016,27.8,1,24,NORMAL
2026-05-01 00:03:00,0,222.8,3.09,688.61,0.0019,29.3,3,24,NORMAL
2026-05-01 00:03:10,0,220.5,3.76,828.73,0.0023,30.5,3,22,NORMAL
2026-05-01 00:03:20,0,223.7,1.63,364.65,0.001,26.2,3,26,NORMAL
2026-05-01 00:03:30,0,218.0,3.98,867.19,0.0024,31.7,2,22,NORMAL
2026-05-01 00:03:40,0,217.4,3.81,827.21,0.0023,32.0,2,22,NORMAL
2026-05-01 00:03:50,0,217.7,1.6,347.58,0.001,25.9,3,26,NORMAL
2026-05-01 00:04:00,0,217.4,1.8,390.25,0.0011,24.6,3,26,NORMAL
2026-05-01 00:04:10,0,218.2,1.71,372.75,0.001,26.0,3,26,NORMAL
2026-05-01 00:04:20,0,216.9,1.9,413.07,0.0011,24.0,3,26,NORMAL
2026-05-01 00:04:30,0,155.6370090859121,3.92,609.76,0.0017,28.6,1,24,ANOMALI
2026-05-01 00:04:40,0,218.6,4.05,885.94,0.0025,30.6,2,22,NORMAL
2026-05-01 00:04:50,0,220.7,0.03,5.74,0.0,24.8,0,OFF,NORMAL
2026-05-01 00:05:00,0,223.1,1.41,315.35,0.0009,26.5,2,26,NORMAL
2026-05-01 00:05:10,0,217.3,1.43,310.55,0.0009,26.1,3,26,NORMAL
2026-05-01 00:05:20,0,216.6,0.04,9.06,0.0,24.9,0,OFF,NORMAL
2026-05-01 00:05:30,0,216.6,2.3,498.78,0.0014,25.5,1,26,NORMAL
2026-05-01 00:05:40,0,222.1,0.07,14.82,0.0,24.4,0,OFF,NORMAL
2026-05-01 00:05:50,0,218.1,3.17,690.35,0.0019,29.2,2,24,NORMAL
2026-05-01 00:06:00,0,216.4,1.76,380.47,0.0011,26.8,2,26,NORMAL
2026-05-01 00:06:10,0,219.7,1.85,406.06,0.0011,26.3,1,26,NORMAL
2026-05-01 00:06:20,0,224.0,0.05,11.94,0.0,31.6,0,OFF,NORMAL
2026-05-01 00:06:30,0,215.4,0.05,9.95,0.0,30.4,0,OFF,NORMAL
2026-05-01 00:06:40,0,219.8,2.78,610.28,0.0017,28.4,1,24,NORMAL
2026-05-01 00:06:50,0,221.2,4.13,913.54,0.0025,31.0,3,22,NORMAL
2026-05-01 00:07:00,0,223.7,2.49,556.11,0.0015,28.1,2,24,NORMAL
2026-05-01 00:07:10,0,220.6,4.03,889.88,0.0025,30.9,2,22,NORMAL
2026-05-01 00:07:20,0,219.6,2.61,572.32,0.0016,27.7,1,24,NORMAL
2026-05-01 00:07:30,0,217.4,3.8,825.74,0.0023,31.7,3,22,NORMAL
2026-05-01 00:07:40,0,216.3,3.68,795.33,0.0022,31.5,3,22,NORMAL
2026-05-01 00:07:50,0,224.5,1.89,425.36,0.0012,25.8,3,26,NORMAL
2026-05-01 00:08:00,0,215.2,0.04,9.21,0.0,30.9,0,OFF,NORMAL
2026-05-01 00:08:10,0,216.9,2.57,558.18,0.0016,28.6,3,24,NORMAL
2026-05-01 00:08:20,0,217.3,2.99,650.43,0.0018,29.0,3,24,NORMAL
2026-05-01 00:08:30,0,219.2,0.05,11.65,0.0,26.6,0,OFF,NORMAL
2026-05-01 00:08:40,0,156.4567737141218,4.34,679.71,0.0019,27.8,2,24,ANOMALI
2026-05-01 00:08:50,0,224.0,2.36,527.79,0.0015,29.9,3,24,NORMAL
2026-05-01 00:09:00,0,216.8,0.02,5.19,0.0,31.4,0,OFF,NORMAL
2026-05-01 00:09:10,0,218.5,4.22,922.07,0.0026,31.3,3,22,NORMAL
2026-05-01 00:09:20,0,221.0,0.04,9.81,0.0,31.1,0,OFF,NORMAL
2026-05-01 00:09:30,0,222.3,2.19,485.96,0.0013,24.0,3,26,NORMAL
2026-05-01 00:09:40,0,215.9,0.04,8.58,0.0,25.1,0,OFF,NORMAL
2026-05-01 00:09:50,0,216.9,0.03,5.76,0.0,30.6,0,OFF,NORMAL
2026-05-01 00:10:00,0,219.3,1.53,334.89,0.0009,25.8,1,26,NORMAL
2026-05-01 00:10:10,0,215.1,1.73,371.84,0.001,26.2,3,26,NORMAL
2026-05-01 00:10:20,0,219.8,3.84,845.04,0.0023,30.4,1,22,NORMAL
2026-05-01 00:10:30,0,216.1,3.02,651.8,0.0018,28.2,2,24,NORMAL
2026-05-01 00:10:40,0,218.4,3.17,691.66,0.0019,28.0,2,24,NORMAL
2026-05-01 00:10:50,0,223.2,0.04,7.88,0.0,25.3,0,OFF,NORMAL
2026-05-01 00:11:00,0,220.5,1.43,316.13,0.0009,25.2,1,26,NORMAL
2026-05-01 00:11:10,0,224.0,3.13,702.02,0.002,31.1,1,22,NORMAL
2026-05-01 00:11:20,0,223.2,0.06,13.18,0.0,27.9,0,OFF,NORMAL
2026-05-01 00:11:30,0,221.3,2.29,507.51,0.0014,29.5,3,24,NORMAL
2026-05-01 00:11:40,0,216.8,0.08,17.23,0.0,29.0,0,OFF,NORMAL
2026-05-01 00:11:50,0,215.3,6.88,1480.27,0.0015,27.0,1,24,ANOMALI
2026-05-01 00:12:00,0,219.5,2.09,458.07,0.0013,26.5,3,26,NORMAL
2026-05-01 00:12:10,0,218.0,1.4,304.17,0.0008,25.4,3,26,NORMAL
2026-05-01 00:12:20,0,223.3,0.07,16.38,0.0,29.6,0,OFF,NORMAL
2026-05-01 00:12:30,0,223.7,2.74,612.48,0.0017,29.7,1,24,NORMAL
2026-05-01 00:12:40,0,215.7,4.32,931.85,0.0026,30.0,1,22,NORMAL
2026-05-01 00:12:50,0,221.3,2.47,545.86,0.0015,29.2,2,24,NORMAL
2026-05-01 00:13:00,0,219.3,2.48,543.37,0.0015,27.4,1,24,NORMAL
2026-05-01 00:13:10,0,220.3,4.19,922.1,0.0026,30.0,1,22,NORMAL
2026-05-01 00:13:20,0,223.9,2.44,545.36,0.0015,28.0,3,24,NORMAL
2026-05-01 00:13:30,0,224.1,3.17,710.77,0.002,31.1,3,22,NORMAL
2026-05-01 00:13:40,0,222.1,4.0,889.19,0.0025,31.8,3,22,NORMAL
2026-05-01 00:13:50,0,221.2,2.36,521.93,0.0014,28.8,1,24,NORMAL
2026-05-01 00:14:00,0,217.9,2.71,590.29,0.0016,27.1,1,24,NORMAL
2026-05-01 00:14:10,0,221.3,4.12,912.74,0.0025,30.8,3,22,NORMAL
2026-05-01 00:14:20,0,216.0,4.39,949.32,0.0026,31.0,2,22,NORMAL
2026-05-01 00:14:30,0,216.7,3.2,693.61,0.0019,27.8,3,24,NORMAL
2026-05-01 00:14:40,0,221.2,1.69,374.01,0.001,25.8,1,26,NORMAL
2026-05-01 00:14:50,0,215.0,0.09,19.19,0.0001,24.4,0,OFF,NORMAL
2026-05-01 00:15:00,0,223.7,2.2,492.12,0.0014,26.3,3,26,NORMAL
2026-05-01 00:15:10,0,223.9,0.05,10.77,0.0,24.8,0,OFF,NORMAL
2026-05-01 00:15:20,0,216.2,2.67,577.62,0.0016,29.2,3,24,NORMAL
2026-05-01 00:15:30,0,219.3,3.12,684.44,0.0019,28.4,2,24,NORMAL
2026-05-01 00:15:40,0,215.6,0.05,11.79,0.0,30.3,0,OFF,NORMAL
2026-05-01 00:15:50,0,215.8,2.72,586.19,0.0016,29.0,3,24,NORMAL
2026-05-01 00:16:00,0,217.5,3.06,664.71,0.0018,29.8,1,24,NORMAL
2026-05-01 00:16:10,0,220.9,1.44,318.94,0.0009,26.1,2,26,NORMAL
2026-05-01 00:16:20,0,217.7,1.83,399.31,0.0011,26.2,1,26,NORMAL
2026-05-01 00:16:30,0,217.7,2.42,526.56,0.0015,29.4,2,24,NORMAL
2026-05-01 00:16:40,0,222.0,0.04,7.78,0.0,24.4,0,OFF,NORMAL
2026-05-01 00:16:50,0,215.4,2.48,534.97,0.0015,28.8,1,24,NORMAL
2026-05-01 00:17:00,0,160.95947905717608,5.07,816.37,0.0023,30.2,2,22,ANOMALI
2026-05-01 00:17:10,0,215.2,4.13,888.9,0.0025,30.8,3,22,NORMAL
2026-05-01 00:17:20,0,217.0,0.07,15.6,0.0,30.4,0,OFF,NORMAL
2026-05-01 00:17:30,0,216.7,1.64,354.61,0.001,24.8,2,26,NORMAL
2026-05-01 00:17:40,0,219.7,0.08,17.88,0.0,32.0,0,OFF,NORMAL
2026-05-01 00:17:50,0,219.4,0.08,17.72,0.0,25.8,0,OFF,NORMAL
2026-05-01 00:18:00,0,221.5,0.06,12.63,0.0,27.0,0,OFF,NORMAL
2026-05-01 00:18:10,0,224.7,1.86,417.67,0.0012,25.4,1,26,NORMAL
2026-05-01 00:18:20,0,218.2,1.83,398.61,0.0011,25.7,1,26,NORMAL
2026-05-01 00:18:30,0,216.5,3.37,730.4,0.002,31.0,3,22,NORMAL
2026-05-01 00:18:40,0,222.8,2.28,509.02,0.0014,29.1,3,24,NORMAL
2026-05-01 00:18:50,0,215.0,2.88,618.28,0.0017,28.6,2,24,NORMAL
2026-05-01 00:19:00,0,219.4,1.38,303.19,0.0008,24.1,1,26,NORMAL
2026-05-01 00:19:10,0,156.7701345602377,0.11,17.87,0.0,26.7,0,OFF,ANOMALI
2026-05-01 00:19:20,0,222.6,2.7,601.14,0.0017,28.4,1,24,NORMAL
2026-05-01 00:19:30,0,219.0,2.89,632.78,0.0018,27.9,2,24,NORMAL
2026-05-01 00:19:40,0,220.4,1.8,397.56,0.0011,25.9,3,26,NORMAL
2026-05-01 00:19:50,0,224.2,4.18,936.99,0.0026,30.2,1,22,NORMAL
2026-05-01 00:20:00,0,216.9,1.7,368.95,0.001,26.9,1,26,NORMAL
2026-05-01 00:20:10,0,216.5,1.94,419.32,0.0012,26.5,3,26,NORMAL
2026-05-01 00:20:20,0,219.2,2.1,460.01,0.0013,25.3,3,26,NORMAL
2026-05-01 00:20:30,0,221.5,1.97,435.71,0.0012,26.6,2,26,NORMAL
2026-05-01 00:20:40,0,219.8,3.52,774.23,0.0022,30.4,2,22,NORMAL
2026-05-01 00:20:50,0,215.2,4.01,862.93,0.0024,30.5,1,22,NORMAL
2026-05-01 00:21:00,0,224.1,4.22,946.23,0.0026,31.5,3,22,NORMAL
2026-05-01 00:21:10,0,218.3,3.15,686.87,0.0019,29.5,3,24,NORMAL
2026-05-01 00:21:20,0,222.9,3.78,842.57,0.0023,30.6,2,22,NORMAL
2026-05-01 00:21:30,0,217.5,1.45,314.82,0.0009,25.3,1,26,NORMAL
2026-05-01 00:21:40,0,221.9,2.89,642.16,0.0018,29.6,1,24,NORMAL
2026-05-01 00:21:50,0,216.1,3.73,806.01,0.0022,30.2,1,22,NORMAL
2026-05-01 00:22:00,0,218.3,3.23,704.04,0.002,31.3,2,22,NORMAL
2026-05-01 00:22:10,0,224.4,3.05,684.47,0.0019,28.2,1,24,NORMAL
2026-05-01 00:22:20,0,224.8,1.55,349.33,0.001,25.9,3,26,NORMAL
2026-05-01 00:22:30,0,221.0,2.12,468.57,0.0013,24.4,3,26,NORMAL
2026-05-01 00:22:40,0,218.3,1.98,431.22,0.0012,26.0,1,26,NORMAL
2026-05-01 00:22:50,0,215.2,2.14,459.82,0.0013,24.2,2,26,NORMAL
2026-05-01 00:23:00,0,220.1,1.85,407.36,0.0011,25.4,3,26,NORMAL
2026-05-01 00:23:10,0,221.5,3.78,836.93,0.0023,30.0,2,22,NORMAL
2026-05-01 00:23:20,0,222.8,2.32,516.97,0.0014,27.7,2,24,NORMAL
2026-05-01 00:23:30,0,216.9,3.38,734.09,0.002,32.0,1,22,NORMAL
2026-05-01 00:23:40,0,216.4,1.5,324.74,0.0009,25.5,2,26,NORMAL
2026-05-01 00:23:50,0,220.2,1.62,356.22,0.001,24.7,2,26,NORMAL
2026-05-01 00:24:00,0,217.0,3.97,862.04,0.0024,31.1,2,22,NORMAL
2026-05-01 00:24:10,0,219.8,1.38,303.99,0.0008,24.4,3,26,NORMAL
2026-05-01 00:24:20,0,224.8,2.67,600.41,0.0017,28.6,1,24,NORMAL
2026-05-01 00:24:30,0,218.3,4.16,908.62,0.0025,30.3,3,22,NORMAL
2026-05-01 00:24:40,0,221.1,2.48,548.46,0.0015,27.4,2,24,NORMAL
2026-05-01 00:24:50,0,221.8,2.47,547.9,0.0015,27.3,1,24,NORMAL
2026-05-01 00:25:00,0,224.2,3.05,684.17,0.0019,28.9,3,24,NORMAL
2026-05-01 00:25:10,0,223.2,0.05,10.79,0.0,27.9,0,OFF,NORMAL
2026-05-01 00:25:20,0,216.0,2.87,619.96,0.0017,28.4,1,24,NORMAL
2026-05-01 00:25:30,0,215.4,0.05,10.63,0.0,28.0,0,OFF,NORMAL
2026-05-01 00:25:40,0,222.8,3.94,877.27,0.0024,30.0,1,22,NORMAL
2026-05-01 00:25:50,0,222.9,0.07,15.01,0.0,27.6,0,OFF,NORMAL
2026-05-01 00:26:00,0,219.2,2.52,553.31,0.0015,28.3,3,24,NORMAL
2026-05-01 00:26:10,0,215.2,0.05,11.18,0.0,24.5,0,OFF,NORMAL
2026-05-01 00:26:20,0,217.3,3.47,752.99,0.0021,31.3,1,22,NORMAL
2026-05-01 00:26:30,0,218.9,3.44,751.95,0.0021,31.1,2,22,NORMAL
2026-05-01 00:26:40,0,221.7,3.09,684.8,0.0019,28.1,2,24,NORMAL
2026-05-01 00:26:50,0,217.6,3.58,779.57,0.0022,31.2,2,22,NORMAL
2026-05-01 00:27:00,0,221.7,5.17,1147.16,0.0026,31.2,1,22,ANOMALI
2026-05-01 00:27:10,0,224.9,2.53,569.23,0.0016,27.6,2,24,NORMAL
2026-05-01 00:27:20,0,222.2,3.25,722.51,0.002,30.3,1,22,NORMAL
2026-05-01 00:27:30,0,224.1,3.09,691.83,0.0019,27.4,2,24,NORMAL
2026-05-01 00:27:40,0,218.0,0.07,16.31,0.0,25.5,0,OFF,NORMAL
2026-05-01 00:27:50,0,223.8,0.07,15.9,0.0,28.2,0,OFF,NORMAL
2026-05-01 00:28:00,0,222.5,1.53,339.68,0.0009,25.3,1,26,NORMAL
2026-05-01 00:28:10,0,220.5,2.24,494.7,0.0014,24.7,3,26,NORMAL
2026-05-01 00:28:20,0,224.1,0.05,10.88,0.0,24.7,0,OFF,NORMAL
2026-05-01 00:28:30,0,218.0,2.72,592.97,0.0016,27.1,1,24,NORMAL
2026-05-01 00:28:40,0,224.6,1.93,432.36,0.0012,24.3,2,26,NORMAL
2026-05-01 00:28:50,0,223.7,3.11,696.73,0.0019,27.8,2,24,NORMAL
2026-05-01 00:29:00,0,215.2,1.55,334.2,0.0009,25.2,3,26,NORMAL
2026-05-01 00:29:10,0,222.5,2.17,482.38,0.0013,26.4,1,26,NORMAL
2026-05-01 00:29:20,0,219.2,0.05,11.32,0.0,26.3,0,OFF,NORMAL
2026-05-01 00:29:30,0,223.6,4.36,975.2,0.001,25.2,0,26,ANOMALI
2026-05-01 00:29:40,0,220.2,3.21,706.54,0.002,31.9,3,22,NORMAL
2026-05-01 00:29:50,0,221.1,0.04,9.89,0.0,26.5,0,OFF,NORMAL
2026-05-01 00:30:00,0,218.6,3.56,779.07,0.0022,31.3,3,22,NORMAL
2026-05-01 00:30:10,0,215.6,3.03,653.18,0.0018,27.1,3,24,NORMAL
2026-05-01 00:30:20,0,217.2,0.07,14.19,0.0,26.4,0,OFF,NORMAL
2026-05-01 00:30:30,0,218.7,2.62,573.88,0.0016,28.7,2,24,NORMAL
2026-05-01 00:30:40,0,216.0,0.04,8.33,0.0,26.3,0,OFF,NORMAL
2026-05-01 00:30:50,0,215.5,1.84,395.9,0.0011,25.0,1,26,NORMAL
2026-05-01 00:31:00,0,216.7,2.94,636.35,0.0018,27.9,2,24,NORMAL
2026-05-01 00:31:10,0,223.6,0.03,5.78,0.0,31.8,0,OFF,NORMAL
2026-05-01 00:31:20,0,217.3,2.4,520.71,0.0014,28.9,3,24,NORMAL
2026-05-01 00:31:30,0,217.9,3.44,750.53,0.0021,31.6,3,22,NORMAL
2026-05-01 00:31:40,0,216.8,2.36,512.69,0.0014,28.4,2,24,NORMAL
2026-05-01 00:31:50,0,217.5,0.08,18.15,0.0001,28.8,0,OFF,NORMAL
2026-05-01 00:32:00,0,223.2,0.06,13.3,0.0,30.3,0,OFF,NORMAL
2026-05-01 00:32:10,0,219.2,2.29,501.39,0.0014,28.9,3,24,NORMAL
2026-05-01 00:32:20,0,218.1,2.96,645.31,0.0018,29.9,3,24,NORMAL
2026-05-01 00:32:30,0,224.5,2.77,620.92,0.0017,29.1,3,24,NORMAL
2026-05-01 00:32:40,0,221.0,3.7,817.0,0.0023,32.0,2,22,NORMAL
2026-05-01 00:32:50,0,223.7,0.08,17.24,0.0,31.5,0,OFF,NORMAL
2026-05-01 00:33:00,0,218.4,7.91,1728.27,0.0011,26.0,3,26,ANOMALI
2026-05-01 00:33:10,0,215.3,1.6,345.41,0.001,26.0,2,26,NORMAL
2026-05-01 00:33:20,0,223.7,2.65,592.29,0.0016,29.6,2,24,NORMAL
2026-05-01 00:33:30,0,221.0,2.17,478.89,0.0013,26.0,3,26,NORMAL
2026-05-01 00:33:40,0,218.0,0.06,13.12,0.0,26.5,0,OFF,NORMAL
2026-05-01 00:33:50,0,219.7,2.18,478.48,0.0013,26.8,3,26,NORMAL
2026-05-01 00:34:00,0,222.7,0.07,16.26,0.0,24.4,0,OFF,NORMAL
2026-05-01 00:34:10,0,218.7,5.19,1134.49,0.0017,29.7,0,24,ANOMALI
2026-05-01 00:34:20,0,219.3,3.21,704.06,0.002,31.7,3,22,NORMAL
2026-05-01 00:34:30,0,215.1,2.3,495.79,0.0014,24.1,2,26,NORMAL
2026-05-01 00:34:40,0,219.5,2.23,488.74,0.0014,25.2,3,26,NORMAL
2026-05-01 00:34:50,0,215.3,0.02,5.26,0.0,26.5,0,OFF,NORMAL
2026-05-01 00:35:00,0,224.8,2.9,652.63,0.0018,29.5,3,24,NORMAL
2026-05-01 00:35:10,0,223.5,2.12,472.8,0.0013,24.3,1,26,NORMAL
2026-05-01 00:35:20,0,215.2,0.07,15.04,0.0,24.7,0,OFF,NORMAL
2026-05-01 00:35:30,0,215.5,0.08,17.61,0.0,30.5,0,OFF,NORMAL
2026-05-01 00:35:40,0,221.4,2.48,548.55,0.0015,29.6,3,24,NORMAL
2026-05-01 00:35:50,0,224.7,6.1,1369.91,0.0,25.6,0,OFF,ANOMALI
2026-05-01 00:36:00,0,216.1,4.27,923.13,0.0026,30.9,2,22,NORMAL
2026-05-01 00:36:10,0,220.7,1.37,302.12,0.0008,25.4,2,26,NORMAL
2026-05-01 00:36:20,0,215.3,5.14,1107.19,0.0,24.4,0,OFF,ANOMALI
2026-05-01 00:36:30,0,223.7,4.13,923.3,0.0014,29.2,0,24,ANOMALI
2026-05-01 00:36:40,0,217.1,2.09,453.22,0.0013,24.1,2,26,NORMAL
2026-05-01 00:36:50,0,218.2,3.13,683.67,0.0019,29.0,3,24,NORMAL
2026-05-01 00:37:00,0,215.2,2.12,456.52,0.0013,26.1,2,26,NORMAL
2026-05-01 00:37:10,0,223.7,3.08,688.72,0.0019,28.2,1,24,NORMAL
2026-05-01 00:37:20,0,222.3,3.07,681.75,0.0019,28.3,3,24,NORMAL
2026-05-01 00:37:30,0,215.1,0.03,7.24,0.0,26.2,0,OFF,NORMAL
2026-05-01 00:37:40,0,216.0,3.53,763.31,0.0021,31.4,3,22,NORMAL
2026-05-01 00:37:50,0,216.8,1.61,349.64,0.001,25.7,2,26,NORMAL
2026-05-01 00:38:00,0,224.3,0.08,17.5,0.0,30.0,0,OFF,NORMAL
2026-05-01 00:38:10,0,216.3,8.17,1768.19,0.0018,27.2,3,24,ANOMALI
2026-05-01 00:38:20,0,216.6,2.33,503.83,0.0014,28.1,1,24,NORMAL
2026-05-01 00:38:30,0,223.4,3.06,684.65,0.0019,28.7,1,24,NORMAL
2026-05-01 00:38:40,0,220.6,6.57,1448.99,0.0025,30.1,2,22,ANOMALI
2026-05-01 00:38:50,0,216.0,0.04,8.26,0.0,30.2,0,OFF,NORMAL
2026-05-01 00:39:00,0,217.7,1.8,391.95,0.0011,25.3,3,26,NORMAL
2026-05-01 00:39:10,0,217.2,2.38,517.43,0.0014,29.6,2,24,NORMAL
2026-05-01 00:39:20,0,215.4,2.56,551.07,0.0015,29.4,2,24,NORMAL
2026-05-01 00:39:30,0,216.8,2.14,463.64,0.0013,24.6,2,26,NORMAL
2026-05-01 00:39:40,0,222.6,1.43,317.45,0.0009,25.6,3,26,NORMAL
2026-05-01 00:39:50,0,217.8,2.34,509.71,0.0014,28.8,3,24,NORMAL
2026-05-01 00:40:00,0,223.5,2.61,582.72,0.0016,28.8,2,24,NORMAL
2026-05-01 00:40:10,0,218.8,1.51,331.32,0.0009,26.0,3,26,NORMAL
2026-05-01 00:40:20,0,217.2,3.35,727.27,0.002,31.4,3,22,NORMAL
2026-05-01 00:40:30,0,224.2,0.07,15.7,0.0,26.3,0,OFF,NORMAL
2026-05-01 00:40:40,0,221.7,2.73,606.16,0.0017,27.6,2,24,NORMAL
2026-05-01 00:40:50,0,220.1,3.36,739.28,0.0021,30.7,2,22,NORMAL
2026-05-01 00:41:00,0,222.2,0.06,13.46,0.0,26.7,0,OFF,NORMAL
2026-05-01 00:41:10,0,225.0,1.98,444.93,0.0012,25.6,1,26,NORMAL
2026-05-01 00:41:20,0,218.3,0.04,9.38,0.0,25.4,0,OFF,NORMAL
2026-05-01 00:41:30,0,224.3,3.71,831.44,0.0023,31.2,2,22,NORMAL
2026-05-01 00:41:40,0,223.2,1.86,414.74,0.0012,26.3,3,26,NORMAL
2026-05-01 00:41:50,0,219.4,2.09,458.28,0.0013,26.5,2,26,NORMAL
2026-05-01 00:42:00,0,217.7,1.39,303.13,0.0008,26.2,1,26,NORMAL
2026-05-01 00:42:10,0,219.7,1.89,416.02,0.0012,24.9,2,26,NORMAL
2026-05-01 00:42:20,0,217.4,1.7,368.86,0.001,26.0,2,26,NORMAL
2026-05-01 00:42:30,0,222.3,3.82,850.17,0.0024,31.4,3,22,NORMAL
2026-05-01 00:42:40,0,220.0,1.38,303.19,0.0008,25.5,3,26,NORMAL
2026-05-01 00:42:50,0,217.4,1.73,375.78,0.001,24.8,2,26,NORMAL
2026-05-01 00:43:00,0,218.4,2.25,491.07,0.0014,26.1,3,26,NORMAL
2026-05-01 00:43:10,0,217.7,6.13,1335.38,0.0011,24.8,0,26,ANOMALI
2026-05-01 00:43:20,0,219.5,3.83,839.65,0.0023,30.2,1,22,NORMAL
2026-05-01 00:43:30,0,216.8,2.08,450.44,0.0013,26.5,3,26,NORMAL
2026-05-01 00:43:40,0,215.3,2.33,501.77,0.0014,28.4,2,24,NORMAL
2026-05-01 00:43:50,0,222.2,0.04,9.68,0.0,25.6,0,OFF,NORMAL
2026-05-01 00:44:00,0,221.1,2.53,558.75,0.0016,27.9,1,24,NORMAL
2026-05-01 00:44:10,0,216.9,2.71,587.73,0.0016,28.8,2,24,NORMAL
2026-05-01 00:44:20,0,216.1,2.72,588.05,0.0016,27.7,2,24,NORMAL
2026-05-01 00:44:30,0,216.3,1.53,329.92,0.0009,25.8,2,26,NORMAL
2026-05-01 00:44:40,0,220.3,4.29,945.57,0.0026,31.7,1,22,NORMAL
2026-05-01 00:44:50,0,218.7,0.07,15.21,0.0,24.5,0,OFF,NORMAL
2026-05-01 00:45:00,0,218.5,2.12,464.02,0.0013,26.6,3,26,NORMAL
2026-05-01 00:45:10,0,221.1,0.05,12.06,0.0,24.8,0,OFF,NORMAL
2026-05-01 00:45:20,0,224.6,0.06,12.4,0.0,24.5,0,OFF,NORMAL
2026-05-01 00:45:30,0,221.9,2.54,563.11,0.0016,27.9,2,24,NORMAL
2026-05-01 00:45:40,0,220.7,2.4,529.52,0.0015,27.7,2,24,NORMAL
2026-05-01 00:45:50,0,218.8,0.05,11.33,0.0,29.1,0,OFF,NORMAL
2026-05-01 00:46:00,0,215.2,2.05,441.38,0.0012,25.3,2,26,NORMAL
2026-05-01 00:46:10,0,218.4,3.01,656.77,0.0018,28.8,1,24,NORMAL
2026-05-01 00:46:20,0,220.4,5.63,1241.91,0.002,30.3,1,22,ANOMALI
2026-05-01 00:46:30,0,216.4,3.06,661.34,0.0018,28.2,1,24,NORMAL
2026-05-01 00:46:40,0,216.9,1.76,382.82,0.0011,26.5,2,26,NORMAL
2026-05-01 00:46:50,0,218.2,1.79,391.17,0.0011,25.7,3,26,NORMAL
2026-05-01 00:47:00,0,215.7,0.08,16.83,0.0,30.1,0,OFF,NORMAL
2026-05-01 00:47:10,0,223.5,1.49,334.07,0.0009,25.6,3,26,NORMAL
2026-05-01 00:47:20,0,224.9,0.08,18.94,0.0001,30.8,0,OFF,NORMAL
2026-05-01 00:47:30,0,215.5,1.62,349.24,0.001,26.6,3,26,NORMAL
2026-05-01 00:47:40,0,218.7,4.1,896.17,0.0025,31.0,2,22,NORMAL
2026-05-01 00:47:50,0,220.1,2.26,496.84,0.0014,26.9,1,26,NORMAL
2026-05-01 00:48:00,0,215.8,4.14,893.0,0.0025,31.9,1,22,NORMAL
2026-05-01 00:48:10,0,223.4,3.29,735.21,0.002,30.0,2,22,NORMAL
2026-05-01 00:48:20,0,223.3,2.04,456.12,0.0013,26.1,3,26,NORMAL
2026-05-01 00:48:30,0,217.8,1.92,418.48,0.0012,25.2,1,26,NORMAL
2026-05-01 00:48:40,0,216.7,1.62,351.25,0.001,25.4,3,26,NORMAL
2026-05-01 00:48:50,0,221.0,4.13,912.63,0.0025,30.9,3,22,NORMAL
2026-05-01 00:49:00,0,223.5,1.91,426.8,0.0012,25.4,2,26,NORMAL
2026-05-01 00:49:10,0,224.4,2.36,530.68,0.0015,28.4,2,24,NORMAL
2026-05-01 00:49:20,0,221.2,1.79,395.02,0.0011,24.9,2,26,NORMAL
2026-05-01 00:49:30,0,215.4,1.84,396.31,0.0011,24.5,3,26,NORMAL
2026-05-01 00:49:40,0,221.0,0.07,16.23,0.0,25.7,0,OFF,NORMAL
2026-05-01 00:49:50,0,220.1,3.56,783.04,0.0022,31.6,2,22,NORMAL
2026-05-01 00:50:00,0,224.2,2.75,616.72,0.0017,28.2,1,24,NORMAL
2026-05-01 00:50:10,0,223.5,1.91,426.09,0.0012,24.6,3,26,NORMAL
2026-05-01 00:50:20,0,217.1,3.13,679.56,0.0019,27.6,1,24,NORMAL
2026-05-01 00:50:30,0,223.7,2.61,583.53,0.0016,27.8,2,24,NORMAL
2026-05-01 00:50:40,0,224.4,1.93,432.57,0.0012,24.8,1,26,NORMAL
2026-05-01 00:50:50,0,217.5,2.79,606.5,0.0017,28.7,2,24,NORMAL
2026-05-01 00:51:00,0,224.2,3.02,677.0,0.0019,27.6,2,24,NORMAL
2026-05-01 00:51:10,0,223.0,1.91,426.86,0.0012,26.2,2,26,NORMAL
2026-05-01 00:51:20,0,216.5,3.0,649.81,0.0018,29.7,2,24,NORMAL
2026-05-01 00:51:30,0,223.6,4.12,921.18,0.0026,30.5,1,22,NORMAL
2026-05-01 00:51:40,0,223.9,3.87,867.01,0.0024,31.1,1,22,NORMAL
2026-05-01 00:51:50,0,224.8,4.11,923.39,0.0026,31.9,2,22,NORMAL
2026-05-01 00:52:00,0,223.2,3.16,705.85,0.002,31.1,3,22,NORMAL
2026-05-01 00:52:10,0,219.8,4.17,916.05,0.0025,30.6,3,22,NORMAL
2026-05-01 00:52:20,0,217.6,2.49,541.94,0.0015,28.2,2,24,NORMAL
2026-05-01 00:52:30,0,221.2,2.22,490.07,0.0014,24.3,3,26,NORMAL
2026-05-01 00:52:40,0,222.6,2.47,549.08,0.0015,29.9,1,24,NORMAL
2026-05-01 00:52:50,0,220.2,1.53,336.94,0.0009,25.2,2,26,NORMAL
2026-05-01 00:53:00,0,216.2,3.33,720.88,0.002,30.7,2,22,NORMAL
2026-05-01 00:53:10,0,220.3,0.04,8.27,0.0,24.0,0,OFF,NORMAL
2026-05-01 00:53:20,0,218.1,2.84,620.42,0.0017,28.5,2,24,NORMAL
2026-05-01 00:53:30,0,216.6,3.99,863.92,0.0024,31.0,1,22,NORMAL
2026-05-01 00:53:40,0,219.9,3.58,787.47,0.0022,31.0,3,22,NORMAL
2026-05-01 00:53:50,0,222.4,2.7,600.84,0.0017,29.5,3,24,NORMAL
2026-05-01 00:54:00,0,219.7,4.29,942.77,0.0026,30.3,1,22,NORMAL
2026-05-01 00:54:10,0,219.6,2.85,626.67,0.0017,29.4,3,24,NORMAL
2026-05-01 00:54:20,0,223.2,2.46,550.04,0.0015,29.6,2,24,NORMAL
2026-05-01 00:54:30,0,218.7,2.15,469.88,0.0013,25.5,3,26,NORMAL
2026-05-01 00:54:40,0,167.8545176713833,2.16,362.44,0.001,25.8,2,26,ANOMALI
2026-05-01 00:54:50,0,218.7,2.0,436.78,0.0012,25.3,3,26,NORMAL
2026-05-01 00:55:00,0,219.2,3.3,724.36,0.002,31.6,1,22,NORMAL
2026-05-01 00:55:10,0,216.2,0.08,17.94,0.0,24.0,0,OFF,NORMAL
2026-05-01 00:55:20,0,217.5,3.61,785.41,0.0022,31.3,1,22,NORMAL
2026-05-01 00:55:30,0,217.7,2.42,526.77,0.0015,28.7,2,24,NORMAL
2026-05-01 00:55:40,0,218.7,3.93,859.77,0.0024,31.4,3,22,NORMAL
2026-05-01 00:55:50,0,224.9,4.11,924.62,0.0026,30.6,1,22,NORMAL
2026-05-01 00:56:00,0,221.5,4.1,908.3,0.0,28.1,0,OFF,ANOMALI
2026-05-01 00:56:10,0,223.4,2.63,587.21,0.0016,27.8,1,24,NORMAL
2026-05-01 00:56:20,0,222.5,0.03,6.44,0.0,29.8,0,OFF,NORMAL
2026-05-01 00:56:30,0,222.1,2.59,575.35,0.0016,29.2,3,24,NORMAL
2026-05-01 00:56:40,0,223.1,2.22,494.38,0.0014,24.6,2,26,NORMAL
2026-05-01 00:56:50,0,224.8,4.16,934.83,0.0026,31.6,1,22,NORMAL
2026-05-01 00:57:00,0,218.8,2.58,564.8,0.0016,28.5,3,24,NORMAL
2026-05-01 00:57:10,0,217.3,3.57,776.06,0.0022,31.3,1,22,NORMAL
2026-05-01 00:57:20,0,215.3,2.18,468.57,0.0013,26.8,1,26,NORMAL
2026-05-01 00:57:30,0,223.3,3.18,710.87,0.002,30.0,3,22,NORMAL
2026-05-01 00:57:40,0,223.6,0.04,8.39,0.0,26.3,0,OFF,NORMAL
2026-05-01 00:57:50,0,221.6,8.9,1971.72,0.002,31.3,3,22,ANOMALI
2026-05-01 00:58:00,0,215.9,2.88,621.95,0.0017,28.5,1,24,NORMAL
2026-05-01 00:58:10,0,215.2,4.12,887.05,0.0025,31.4,1,22,NORMAL
2026-05-01 00:58:20,0,220.6,0.06,12.66,0.0,26.1,0,OFF,NORMAL
2026-05-01 00:58:30,0,222.7,2.73,608.31,0.0017,28.4,2,24,NORMAL
2026-05-01 00:58:40,0,219.1,1.98,434.43,0.0012,24.1,1,26,NORMAL
2026-05-01 00:58:50,0,225.0,1.7,383.23,0.0011,25.4,1,26,NORMAL
2026-05-01 00:59:00,0,223.9,0.03,5.72,0.0,25.9,0,OFF,NORMAL
2026-05-01 00:59:10,0,218.1,0.09,19.3,0.0001,27.4,0,OFF,NORMAL
2026-05-01 00:59:20,0,220.0,1.69,372.43,0.001,26.7,1,26,NORMAL
2026-05-01 00:59:30,0,216.7,1.61,349.4,0.001,24.7,1,26,NORMAL
2026-05-01 00:59:40,0,220.7,3.07,677.33,0.0019,28.2,1,24,NORMAL
2026-05-01 00:59:50,0,218.0,0.07,14.86,0.0,24.6,0,OFF,NORMAL
2026-05-01 01:00:00,1,216.2,2.63,569.0,0.0016,27.7,2,24,NORMAL
2026-05-01 01:00:10,1,223.1,3.47,774.64,0.0022,30.8,2,22,NORMAL
2026-05-01 01:00:20,1,222.1,2.1,466.92,0.0013,26.1,2,26,NORMAL
2026-05-01 01:00:30,1,217.8,0.06,13.57,0.0,30.4,0,OFF,NORMAL
2026-05-01 01:00:40,1,216.5,3.38,732.58,0.002,30.3,1,22,NORMAL
2026-05-01 01:00:50,1,215.1,0.03,6.46,0.0,27.4,0,OFF,NORMAL
2026-05-01 01:01:00,1,218.2,0.04,8.62,0.0,26.2,0,OFF,NORMAL
2026-05-01 01:01:10,1,221.2,2.61,577.43,0.0016,29.5,3,24,NORMAL
2026-05-01 01:01:20,1,223.9,0.09,19.81,0.0001,26.8,0,OFF,NORMAL
2026-05-01 01:01:30,1,221.9,2.46,546.06,0.0015,28.0,1,24,NORMAL
2026-05-01 01:01:40,1,218.3,2.64,577.07,0.0016,28.3,2,24,NORMAL
2026-05-01 01:01:50,1,224.4,2.21,494.96,0.0014,24.1,2,26,NORMAL
2026-05-01 01:02:00,1,216.7,4.06,878.76,0.0024,31.8,1,22,NORMAL
2026-05-01 01:02:10,1,215.5,8.06,1737.45,0.0018,27.9,1,24,ANOMALI
2026-05-01 01:02:20,1,221.9,2.81,624.11,0.0017,28.4,3,24,NORMAL
2026-05-01 01:02:30,1,223.0,3.72,830.23,0.0023,31.8,2,22,NORMAL
2026-05-01 01:02:40,1,216.2,3.77,814.44,0.0023,30.6,1,22,NORMAL
2026-05-01 01:02:50,1,220.0,0.08,16.55,0.0,24.9,0,OFF,NORMAL
2026-05-01 01:03:00,1,223.8,1.73,386.97,0.0011,25.1,1,26,NORMAL
2026-05-01 01:03:10,1,224.0,0.06,12.9,0.0,26.9,0,OFF,NORMAL
2026-05-01 01:03:20,1,216.8,3.14,681.03,0.0019,27.7,1,24,NORMAL
2026-05-01 01:03:30,1,222.9,3.81,848.58,0.0024,32.0,1,22,NORMAL
2026-05-01 01:03:40,1,222.5,0.04,9.78,0.0,31.9,0,OFF,NORMAL
2026-05-01 01:03:50,1,221.3,1.46,322.44,0.0009,26.0,2,26,NORMAL
2026-05-01 01:04:00,1,224.5,0.05,12.0,0.0,28.7,0,OFF,NORMAL
2026-05-01 01:04:10,1,221.3,3.01,666.54,0.0019,28.8,1,24,NORMAL
2026-05-01 01:04:20,1,224.8,2.45,550.82,0.0015,29.6,2,24,NORMAL
2026-05-01 01:04:30,1,221.6,1.93,427.57,0.0012,26.6,3,26,NORMAL
2026-05-01 01:04:40,1,223.3,0.07,16.25,0.0,25.1,0,OFF,NORMAL
2026-05-01 01:04:50,1,218.6,3.54,773.76,0.0021,30.9,1,22,NORMAL
2026-05-01 01:05:00,1,223.2,4.53,1010.34,0.0015,28.1,0,24,ANOMALI
2026-05-01 01:05:10,1,223.7,1.45,325.26,0.0009,26.9,1,26,NORMAL
2026-05-01 01:05:20,1,220.3,2.96,651.52,0.0018,29.5,1,24,NORMAL
2026-05-01 01:05:30,1,219.8,2.14,469.53,0.0013,25.4,3,26,NORMAL
2026-05-01 01:05:40,1,221.2,2.81,620.99,0.0017,28.8,3,24,NORMAL
2026-05-01 01:05:50,1,224.3,1.75,392.73,0.0011,25.4,1,26,NORMAL
2026-05-01 01:06:00,1,220.7,2.17,477.91,0.0013,26.5,3,26,NORMAL
2026-05-01 01:06:10,1,223.9,0.07,14.56,0.0,28.0,0,OFF,NORMAL
2026-05-01 01:06:20,1,216.4,2.19,474.18,0.0013,25.7,3,26,NORMAL
2026-05-01 01:06:30,1,216.7,2.64,573.12,0.0016,28.1,1,24,NORMAL
2026-05-01 01:06:40,1,218.1,1.6,350.02,0.001,26.4,1,26,NORMAL
2026-05-01 01:06:50,1,223.6,3.05,682.13,0.0019,27.6,3,24,NORMAL
2026-05-01 01:07:00,1,219.5,0.03,6.54,0.0,29.1,0,OFF,NORMAL
2026-05-01 01:07:10,1,219.7,2.63,577.4,0.0016,28.0,2,24,NORMAL
2026-05-01 01:07:20,1,223.1,0.08,16.99,0.0,30.6,0,OFF,NORMAL
2026-05-01 01:07:30,1,219.6,1.42,311.19,0.0009,24.4,3,26,NORMAL
2026-05-01 01:07:40,1,220.4,3.49,769.15,0.0021,31.6,1,22,NORMAL
2026-05-01 01:07:50,1,215.6,1.85,398.58,0.0011,25.5,3,26,NORMAL
2026-05-01 01:08:00,1,222.2,0.06,14.23,0.0,27.9,0,OFF,NORMAL
2026-05-01 01:08:10,1,224.0,2.25,504.79,0.0014,27.7,1,24,NORMAL
2026-05-01 01:08:20,1,222.8,0.07,14.6,0.0,31.0,0,OFF,NORMAL
2026-05-01 01:08:30,1,222.0,0.05,11.25,0.0,26.5,0,OFF,NORMAL
2026-05-01 01:08:40,1,217.5,2.43,528.19,0.0015,28.1,3,24,NORMAL
2026-05-01 01:08:50,1,223.7,3.22,720.84,0.002,31.5,1,22,NORMAL
2026-05-01 01:09:00,1,223.5,1.41,314.12,0.0009,26.3,2,26,NORMAL
2026-05-01 01:09:10,1,220.6,3.59,792.62,0.0022,30.6,3,22,NORMAL
2026-05-01 01:09:20,1,218.0,2.6,567.48,0.0016,27.1,1,24,NORMAL
2026-05-01 01:09:30,1,220.5,2.58,569.31,0.0016,28.8,3,24,NORMAL
2026-05-01 01:09:40,1,218.1,3.8,829.48,0.0023,30.0,2,22,NORMAL
2026-05-01 01:09:50,1,218.7,4.34,948.93,0.0026,31.5,1,22,NORMAL
2026-05-01 01:10:00,1,217.2,2.25,488.25,0.0014,24.2,1,26,NORMAL
2026-05-01 01:10:10,1,216.7,3.86,836.05,0.0023,31.8,3,22,NORMAL
2026-05-01 01:10:20,1,219.7,4.14,909.61,0.0025,31.3,3,22,NORMAL
2026-05-01 01:10:30,1,215.1,6.76,1454.18,0.0014,29.1,2,24,ANOMALI
2026-05-01 01:10:40,1,224.4,2.31,517.65,0.0014,29.1,2,24,NORMAL
2026-05-01 01:10:50,1,224.3,1.34,300.32,0.0008,25.0,1,26,NORMAL
2026-05-01 01:11:00,1,224.5,2.16,483.8,0.0013,26.4,1,26,NORMAL
2026-05-01 01:11:10,1,219.8,2.48,544.2,0.0015,27.3,2,24,NORMAL
2026-05-01 01:11:20,1,224.4,2.22,499.0,0.0014,26.2,3,26,NORMAL
2026-05-01 01:11:30,1,224.4,3.57,800.57,0.0022,31.6,2,22,NORMAL
2026-05-01 01:11:40,1,215.6,0.03,5.74,0.0,25.6,0,OFF,NORMAL
2026-05-01 01:11:50,1,223.5,2.91,649.91,0.0018,27.6,3,24,NORMAL
2026-05-01 01:12:00,1,217.6,2.54,551.73,0.0015,29.3,1,24,NORMAL
2026-05-01 01:12:10,1,222.0,0.05,11.54,0.0,27.7,0,OFF,NORMAL
2026-05-01 01:12:20,1,220.5,1.65,364.86,0.001,24.3,3,26,NORMAL
2026-05-01 01:12:30,1,215.8,0.02,5.19,0.0,28.3,0,OFF,NORMAL
2026-05-01 01:12:40,1,219.3,0.07,15.76,0.0,31.3,0,OFF,NORMAL
2026-05-01 01:12:50,1,219.0,2.19,478.8,0.0013,24.7,1,26,NORMAL
2026-05-01 01:13:00,1,221.8,2.42,537.17,0.0015,27.7,1,24,NORMAL
2026-05-01 01:13:10,1,219.6,0.06,12.74,0.0,25.4,0,OFF,NORMAL
2026-05-01 01:13:20,1,217.6,0.08,17.27,0.0,30.3,0,OFF,NORMAL
2026-05-01 01:13:30,1,222.1,0.09,19.88,0.0001,27.8,0,OFF,NORMAL
2026-05-01 01:13:40,1,217.2,3.1,673.23,0.0019,27.1,1,24,NORMAL
2026-05-01 01:13:50,1,223.3,1.91,427.15,0.0012,25.2,2,26,NORMAL
2026-05-01 01:14:00,1,220.9,6.22,1375.05,0.001,24.7,1,26,ANOMALI
2026-05-01 01:14:10,1,223.9,2.95,661.33,0.0018,29.8,1,24,NORMAL
2026-05-01 01:14:20,1,215.8,3.0,647.49,0.0018,27.7,2,24,NORMAL
2026-05-01 01:14:30,1,223.4,4.22,942.7,0.0026,31.2,1,22,NORMAL
2026-05-01 01:14:40,1,224.3,2.53,566.46,0.0016,29.6,3,24,NORMAL
2026-05-01 01:14:50,1,216.3,3.95,855.12,0.0024,30.9,1,22,NORMAL
2026-05-01 01:15:00,1,224.6,2.74,615.58,0.0017,29.7,2,24,NORMAL
2026-05-01 01:15:10,1,224.5,1.93,432.77,0.0012,26.3,2,26,NORMAL
2026-05-01 01:15:20,1,168.24747811195837,2.73,458.68,0.0013,26.7,2,26,ANOMALI
2026-05-01 01:15:30,1,222.0,0.04,8.17,0.0,29.5,0,OFF,NORMAL
2026-05-01 01:15:40,1,221.2,2.62,579.95,0.0016,28.6,1,24,NORMAL
2026-05-01 01:15:50,1,221.1,0.03,7.15,0.0,31.0,0,OFF,NORMAL
2026-05-01 01:16:00,1,217.2,1.82,394.86,0.0011,25.9,1,26,NORMAL
2026-05-01 01:16:10,1,221.0,1.47,325.74,0.0009,24.9,3,26,NORMAL
2026-05-01 01:16:20,1,216.3,0.05,11.02,0.0,27.3,0,OFF,NORMAL
2026-05-01 01:16:30,1,220.6,2.14,472.35,0.0013,24.5,2,26,NORMAL
2026-05-01 01:16:40,1,221.1,0.08,16.61,0.0,28.1,0,OFF,NORMAL
2026-05-01 01:16:50,1,217.4,3.23,702.36,0.002,30.4,1,22,NORMAL
2026-05-01 01:17:00,1,222.0,2.06,456.83,0.0013,26.0,2,26,NORMAL
2026-05-01 01:17:10,1,224.2,2.08,467.3,0.0013,26.1,3,26,NORMAL
2026-05-01 01:17:20,1,216.6,2.17,469.78,0.0013,24.3,2,26,NORMAL
2026-05-01 01:17:30,1,218.1,2.34,510.87,0.0014,28.9,2,24,NORMAL
2026-05-01 01:17:40,1,217.5,0.07,16.17,0.0,25.3,0,OFF,NORMAL
2026-05-01 01:17:50,1,220.6,3.05,673.34,0.0019,27.6,1,24,NORMAL
2026-05-01 01:18:00,1,219.0,3.36,735.07,0.002,31.2,2,22,NORMAL
2026-05-01 01:18:10,1,219.2,1.84,403.28,0.0011,25.0,1,26,NORMAL
2026-05-01 01:18:20,1,216.4,2.28,492.38,0.0014,24.2,1,26,NORMAL
2026-05-01 01:18:30,1,221.6,3.18,703.74,0.002,31.6,2,22,NORMAL
2026-05-01 01:18:40,1,215.4,3.4,731.95,0.002,31.0,3,22,NORMAL
2026-05-01 01:18:50,1,221.2,0.03,5.57,0.0,28.2,0,OFF,NORMAL
2026-05-01 01:19:00,1,218.3,4.18,912.89,0.0025,31.8,3,22,NORMAL
2026-05-01 01:19:10,1,220.5,1.94,428.37,0.0012,26.4,1,26,NORMAL
2026-05-01 01:19:20,1,218.7,2.5,547.79,0.0015,28.1,2,24,NORMAL
2026-05-01 01:19:30,1,219.1,0.04,9.47,0.0,27.7,0,OFF,NORMAL
2026-05-01 01:19:40,1,217.8,2.03,442.98,0.0012,24.3,2,26,NORMAL
2026-05-01 01:19:50,1,222.2,4.2,934.0,0.0026,30.1,3,22,NORMAL
2026-05-01 01:20:00,1,218.2,1.63,356.67,0.001,25.5,3,26,NORMAL
2026-05-01 01:20:10,1,225.0,4.62,1039.17,0.001,25.5,1,26,ANOMALI
2026-05-01 01:20:20,1,215.9,2.57,554.48,0.0015,27.7,3,24,NORMAL
2026-05-01 01:20:30,1,215.5,8.41,1813.19,0.0,30.8,0,OFF,ANOMALI
2026-05-01 01:20:40,1,221.4,3.29,728.03,0.002,30.2,1,22,NORMAL
2026-05-01 01:20:50,1,220.5,0.05,11.91,0.0,28.4,0,OFF,NORMAL
2026-05-01 01:21:00,1,220.5,2.98,658.12,0.0018,28.7,1,24,NORMAL
2026-05-01 01:21:10,1,224.1,1.95,437.22,0.0012,24.5,2,26,NORMAL
2026-05-01 01:21:20,1,218.2,2.44,532.39,0.0015,27.8,2,24,NORMAL
2026-05-01 01:21:30,1,215.4,2.44,525.37,0.0015,28.6,2,24,NORMAL
2026-05-01 01:21:40,1,217.7,1.96,427.62,0.0012,25.1,1,26,NORMAL
2026-05-01 01:21:50,1,223.2,2.82,628.35,0.0017,28.4,1,24,NORMAL
2026-05-01 01:22:00,1,220.9,4.0,883.28,0.0025,31.7,1,22,NORMAL
2026-05-01 01:22:10,1,221.2,3.23,715.11,0.002,30.0,2,22,NORMAL
2026-05-01 01:22:20,1,215.7,0.03,6.32,0.0,29.3,0,OFF,NORMAL
2026-05-01 01:22:30,1,223.7,2.3,514.12,0.0014,27.3,1,24,NORMAL
2026-05-01 01:22:40,1,221.5,3.69,817.19,0.0023,30.4,3,22,NORMAL
2026-05-01 01:22:50,1,218.0,2.15,468.7,0.0013,25.9,3,26,NORMAL
2026-05-01 01:23:00,1,220.6,1.51,333.15,0.0009,26.8,2,26,NORMAL
2026-05-01 01:23:10,1,222.0,1.58,350.88,0.001,26.4,3,26,NORMAL
2026-05-01 01:23:20,1,221.8,3.68,817.33,0.0023,31.5,3,22,NORMAL
2026-05-01 01:23:30,1,218.6,2.95,643.9,0.0018,27.5,3,24,NORMAL
2026-05-01 01:23:40,1,219.6,2.56,561.56,0.0016,29.7,2,24,NORMAL
2026-05-01 01:23:50,1,220.0,2.97,652.97,0.0018,29.5,1,24,NORMAL
2026-05-01 01:24:00,1,217.3,0.02,5.32,0.0,24.6,0,OFF,NORMAL
2026-05-01 01:24:10,1,217.0,2.86,620.52,0.0017,27.0,1,24,NORMAL
2026-05-01 01:24:20,1,215.9,0.05,10.45,0.0,29.7,0,OFF,NORMAL
2026-05-01 01:24:30,1,219.1,2.89,633.96,0.0018,28.6,1,24,NORMAL
2026-05-01 01:24:40,1,219.7,4.31,946.2,0.0026,30.1,2,22,NORMAL
2026-05-01 01:24:50,1,220.6,3.69,814.69,0.0023,30.1,3,22,NORMAL
2026-05-01 01:25:00,1,218.5,4.08,891.92,0.0025,30.2,1,22,NORMAL
2026-05-01 01:25:10,1,218.5,0.06,12.19,0.0,29.4,0,OFF,NORMAL
2026-05-01 01:25:20,1,221.9,0.08,18.36,0.0001,25.2,0,OFF,NORMAL
2026-05-01 01:25:30,1,223.1,4.2,936.17,0.0026,30.1,3,22,NORMAL
2026-05-01 01:25:40,1,223.5,0.03,7.12,0.0,31.3,0,OFF,NORMAL
2026-05-01 01:25:50,1,165.93903810270783,3.5,580.8,0.0016,28.2,2,24,ANOMALI
2026-05-01 01:26:00,1,222.6,0.08,16.96,0.0,26.8,0,OFF,NORMAL
2026-05-01 01:26:10,1,218.2,1.47,320.91,0.0009,26.5,3,26,NORMAL
2026-05-01 01:26:20,1,220.7,0.09,19.41,0.0001,28.1,0,OFF,NORMAL
2026-05-01 01:26:30,1,218.1,1.43,311.96,0.0009,25.6,2,26,NORMAL
2026-05-01 01:26:40,1,223.5,0.06,14.37,0.0,24.8,0,OFF,NORMAL
2026-05-01 01:26:50,1,220.8,3.51,774.99,0.0022,30.2,2,22,NORMAL
2026-05-01 01:27:00,1,215.0,3.92,841.95,0.0023,31.3,2,22,NORMAL
2026-05-01 01:27:10,1,217.4,0.07,16.11,0.0,24.0,0,OFF,NORMAL
2026-05-01 01:27:20,1,224.4,4.15,930.8,0.0026,31.1,1,22,NORMAL
2026-05-01 01:27:30,1,223.8,2.01,449.59,0.0012,24.6,2,26,NORMAL
2026-05-01 01:27:40,1,222.7,4.07,906.98,0.0025,30.4,1,22,NORMAL
2026-05-01 01:27:50,1,218.4,3.38,738.97,0.0021,31.0,1,22,NORMAL
2026-05-01 01:28:00,1,220.5,2.2,484.94,0.0013,26.3,3,26,NORMAL
2026-05-01 01:28:10,1,220.9,2.49,550.17,0.0015,27.2,3,24,NORMAL
2026-05-01 01:28:20,1,223.7,0.04,9.02,0.0,31.6,0,OFF,NORMAL
2026-05-01 01:28:30,1,218.8,2.79,611.55,0.0017,29.4,2,24,NORMAL
2026-05-01 01:28:40,1,222.3,2.6,578.22,0.0016,27.4,1,24,NORMAL
2026-05-01 01:28:50,1,221.4,3.98,880.66,0.0024,30.5,1,22,NORMAL
2026-05-01 01:29:00,1,220.7,1.37,302.37,0.0008,25.2,1,26,NORMAL
2026-05-01 01:29:10,1,219.5,3.87,849.08,0.0024,30.7,2,22,NORMAL
2026-05-01 01:29:20,1,220.2,2.74,602.94,0.0017,27.6,3,24,NORMAL
2026-05-01 01:29:30,1,217.7,4.19,911.49,0.0025,31.2,3,22,NORMAL
2026-05-01 01:29:40,1,223.7,2.67,597.28,0.0017,28.8,3,24,NORMAL
2026-05-01 01:29:50,1,217.9,1.64,358.14,0.001,26.4,1,26,NORMAL
2026-05-01 01:30:00,1,218.2,6.17,1346.75,0.0015,29.9,3,24,ANOMALI
2026-05-01 01:30:10,1,220.9,4.03,889.89,0.0025,30.0,3,22,NORMAL
2026-05-01 01:30:20,1,224.9,2.6,584.47,0.0016,29.4,3,24,NORMAL
2026-05-01 01:30:30,1,215.4,0.05,10.61,0.0,28.3,0,OFF,NORMAL
2026-05-01 01:30:40,1,217.8,0.08,17.98,0.0,26.3,0,OFF,NORMAL
2026-05-01 01:30:50,1,224.9,2.72,612.3,0.0017,27.2,1,24,NORMAL
2026-05-01 01:31:00,1,216.5,2.85,616.31,0.0017,28.0,2,24,NORMAL
2026-05-01 01:31:10,1,224.3,2.16,484.05,0.0013,25.1,1,26,NORMAL
2026-05-01 01:31:20,1,221.6,0.07,16.36,0.0,30.5,0,OFF,NORMAL
2026-05-01 01:31:30,1,220.3,1.94,427.72,0.0012,24.3,2,26,NORMAL
2026-05-01 01:31:40,1,222.6,6.86,1526.44,0.0,26.9,0,OFF,ANOMALI
2026-05-01 01:31:50,1,224.8,3.51,789.52,0.0022,31.3,1,22,NORMAL
2026-05-01 01:32:00,1,222.2,2.27,505.03,0.0014,28.5,1,24,NORMAL
2026-05-01 01:32:10,1,221.2,1.93,425.85,0.0012,24.2,1,26,NORMAL
2026-05-01 01:32:20,1,220.4,2.8,618.04,0.0017,27.9,1,24,NORMAL
2026-05-01 01:32:30,1,223.6,1.86,416.98,0.0012,25.6,2,26,NORMAL
2026-05-01 01:32:40,1,219.3,1.84,402.87,0.0011,25.6,1,26,NORMAL
2026-05-01 01:32:50,1,223.6,2.14,478.31,0.0013,24.9,1,26,NORMAL
2026-05-01 01:33:00,1,224.0,0.04,7.84,0.0,28.8,0,OFF,NORMAL
2026-05-01 01:33:10,1,216.6,6.7,1452.08,0.0001,25.8,0,OFF,ANOMALI
2026-05-01 01:33:20,1,222.4,2.79,619.9,0.0017,27.2,1,24,NORMAL
2026-05-01 01:33:30,1,219.9,0.04,9.84,0.0,29.8,0,OFF,NORMAL
2026-05-01 01:33:40,1,223.2,3.79,845.89,0.0023,30.8,2,22,NORMAL
2026-05-01 01:33:50,1,215.6,0.08,17.56,0.0,24.1,0,OFF,NORMAL
2026-05-01 01:34:00,1,222.8,1.49,331.12,0.0009,24.0,1,26,NORMAL
2026-05-01 01:34:10,1,215.8,1.56,336.13,0.0009,25.9,1,26,NORMAL
2026-05-01 01:34:20,1,220.7,8.94,1973.28,0.0015,29.4,1,24,ANOMALI
2026-05-01 01:34:30,1,221.0,2.15,474.47,0.0013,26.5,1,26,NORMAL
2026-05-01 01:34:40,1,219.7,3.4,746.71,0.0021,31.8,1,22,NORMAL
2026-05-01 01:34:50,1,220.0,0.05,11.65,0.0,25.9,0,OFF,NORMAL
2026-05-01 01:35:00,1,224.2,1.86,417.22,0.0012,25.5,3,26,NORMAL
2026-05-01 01:35:10,1,221.5,1.44,318.17,0.0009,25.9,2,26,NORMAL
2026-05-01 01:35:20,1,217.8,4.18,910.5,0.0025,30.1,2,22,NORMAL
2026-05-01 01:35:30,1,217.3,2.36,513.2,0.0014,27.2,3,24,NORMAL
2026-05-01 01:35:40,1,216.2,3.08,664.93,0.0018,27.8,3,24,NORMAL
2026-05-01 01:35:50,1,218.1,2.18,476.5,0.0013,25.5,3,26,NORMAL
2026-05-01 01:36:00,1,221.7,3.74,829.88,0.0023,30.9,1,22,NORMAL
2026-05-01 01:36:10,1,222.3,1.61,357.89,0.001,24.1,3,26,NORMAL
2026-05-01 01:36:20,1,222.2,3.62,804.05,0.0022,31.6,1,22,NORMAL
2026-05-01 01:36:30,1,220.3,3.16,696.77,0.0019,27.0,1,24,NORMAL
2026-05-01 01:36:40,1,219.6,3.38,741.35,0.0021,30.8,3,22,NORMAL
2026-05-01 01:36:50,1,224.1,2.49,557.71,0.0015,27.3,2,24,NORMAL
2026-05-01 01:37:00,1,223.3,3.67,819.96,0.0023,30.6,2,22,NORMAL
2026-05-01 01:37:10,1,221.7,1.42,313.79,0.0009,26.0,2,26,NORMAL
2026-05-01 01:37:20,1,222.1,2.26,501.66,0.0014,28.4,1,24,NORMAL
2026-05-01 01:37:30,1,215.6,4.2,906.38,0.0025,30.3,2,22,NORMAL
2026-05-01 01:37:40,1,219.1,2.04,447.55,0.0012,25.3,1,26,NORMAL
2026-05-01 01:37:50,1,217.1,3.69,800.69,0.0022,31.8,3,22,NORMAL
2026-05-01 01:38:00,1,221.2,2.37,523.35,0.0015,29.1,3,24,NORMAL
2026-05-01 01:38:10,1,224.3,3.08,690.17,0.0019,28.4,2,24,NORMAL
2026-05-01 01:38:20,1,216.0,2.11,455.8,0.0013,25.4,2,26,NORMAL
2026-05-01 01:38:30,1,219.7,2.02,444.6,0.0012,26.9,2,26,NORMAL
2026-05-01 01:38:40,1,216.4,2.34,505.61,0.0014,27.1,2,24,NORMAL
2026-05-01 01:38:50,1,222.2,1.91,424.33,0.0012,25.1,1,26,NORMAL
2026-05-01 01:39:00,1,216.9,3.71,804.86,0.0022,30.1,1,22,NORMAL
2026-05-01 01:39:10,1,219.0,2.5,547.23,0.0015,28.3,1,24,NORMAL
2026-05-01 01:39:20,1,223.0,0.07,15.55,0.0,28.9,0,OFF,NORMAL
2026-05-01 01:39:30,1,222.1,0.08,17.9,0.0,27.0,0,OFF,NORMAL
2026-05-01 01:39:40,1,217.2,0.04,8.18,0.0,27.3,0,OFF,NORMAL
2026-05-01 01:39:50,1,215.4,3.56,766.22,0.0021,31.9,2,22,NORMAL
2026-05-01 01:40:00,1,223.8,0.08,18.43,0.0001,25.0,0,OFF,NORMAL
2026-05-01 01:40:10,1,223.2,2.48,554.35,0.0015,27.6,3,24,NORMAL
2026-05-01 01:40:20,1,220.4,0.08,16.68,0.0,27.9,0,OFF,NORMAL
2026-05-01 01:40:30,1,151.64271755791108,0.12,17.71,0.0,26.2,0,OFF,ANOMALI
2026-05-01 01:40:40,1,221.4,2.4,530.38,0.0015,29.7,3,24,NORMAL
2026-05-01 01:40:50,1,222.8,0.06,13.67,0.0,24.4,0,OFF,NORMAL
2026-05-01 01:41:00,1,224.3,2.54,569.91,0.0016,27.0,2,24,NORMAL
2026-05-01 01:41:10,1,222.8,1.55,346.01,0.001,26.5,2,26,NORMAL
2026-05-01 01:41:20,1,217.4,5.86,1273.41,0.0018,29.0,0,24,ANOMALI
2026-05-01 01:41:30,1,224.3,2.75,615.76,0.0017,28.8,2,24,NORMAL
2026-05-01 01:41:40,1,218.1,0.05,11.83,0.0,27.8,0,OFF,NORMAL
2026-05-01 01:41:50,1,218.5,0.09,19.04,0.0001,26.7,0,OFF,NORMAL
2026-05-01 01:42:00,1,221.9,3.48,772.7,0.0021,31.3,3,22,NORMAL
2026-05-01 01:42:10,1,215.5,3.89,839.27,0.0023,30.5,3,22,NORMAL
2026-05-01 01:42:20,1,216.9,0.05,11.88,0.0,28.9,0,OFF,NORMAL
2026-05-01 01:42:30,1,220.3,3.04,669.13,0.0019,28.0,2,24,NORMAL
2026-05-01 01:42:40,1,219.8,0.09,19.48,0.0001,29.0,0,OFF,NORMAL
2026-05-01 01:42:50,1,216.3,2.59,559.41,0.0016,29.9,3,24,NORMAL
2026-05-01 01:43:00,1,220.6,2.09,460.06,0.0013,25.9,1,26,NORMAL
2026-05-01 01:43:10,1,216.1,1.77,383.28,0.0011,24.9,2,26,NORMAL
2026-05-01 01:43:20,1,218.3,3.09,675.62,0.0019,28.2,3,24,NORMAL
2026-05-01 01:43:30,1,224.8,1.92,432.62,0.0012,25.3,1,26,NORMAL
2026-05-01 01:43:40,1,219.5,3.74,821.52,0.0023,30.7,1,22,NORMAL
2026-05-01 01:43:50,1,216.9,0.07,15.36,0.0,28.3,0,OFF,NORMAL
2026-05-01 01:44:00,1,219.8,0.07,14.65,0.0,29.8,0,OFF,NORMAL
2026-05-01 01:44:10,1,215.7,1.46,313.9,0.0009,26.9,2,26,NORMAL
2026-05-01 01:44:20,1,216.8,1.41,304.77,0.0008,25.8,1,26,NORMAL
2026-05-01 01:44:30,1,223.4,2.34,523.83,0.0015,27.8,2,24,NORMAL
2026-05-01 01:44:40,1,224.2,2.47,554.54,0.0015,29.4,1,24,NORMAL
2026-05-01 01:44:50,1,223.7,1.75,391.18,0.0011,24.4,2,26,NORMAL
2026-05-01 01:45:00,1,222.5,2.45,544.08,0.0015,27.4,2,24,NORMAL
2026-05-01 01:45:10,1,217.9,1.75,382.4,0.0011,24.2,2,26,NORMAL
2026-05-01 01:45:20,1,221.3,2.62,580.43,0.0016,29.7,2,24,NORMAL
2026-05-01 01:45:30,1,224.4,0.07,15.07,0.0,30.8,0,OFF,NORMAL
2026-05-01 01:45:40,1,216.0,3.26,704.65,0.002,31.9,1,22,NORMAL
2026-05-01 01:45:50,1,217.2,3.64,790.72,0.0022,30.2,3,22,NORMAL
2026-05-01 01:46:00,1,222.0,1.93,428.51,0.0012,24.5,3,26,NORMAL
2026-05-01 01:46:10,1,215.9,1.65,356.1,0.001,25.8,2,26,NORMAL
2026-05-01 01:46:20,1,222.4,2.46,548.03,0.0015,29.1,1,24,NORMAL
2026-05-01 01:46:30,1,217.8,2.57,559.75,0.0016,27.5,3,24,NORMAL
2026-05-01 01:46:40,1,222.5,2.26,502.64,0.0014,27.4,3,24,NORMAL
2026-05-01 01:46:50,1,216.4,3.22,697.25,0.0019,27.0,3,24,NORMAL
2026-05-01 01:47:00,1,217.2,2.68,581.31,0.0016,29.8,3,24,NORMAL
2026-05-01 01:47:10,1,222.0,2.78,616.31,0.0017,27.8,3,24,NORMAL
2026-05-01 01:47:20,1,220.3,3.82,841.17,0.0023,31.1,2,22,NORMAL
2026-05-01 01:47:30,1,216.6,2.46,533.19,0.0015,29.7,1,24,NORMAL
2026-05-01 01:47:40,1,223.8,2.36,529.27,0.0015,29.6,2,24,NORMAL
2026-05-01 01:47:50,1,218.8,3.07,670.95,0.0019,29.4,3,24,NORMAL
2026-05-01 01:48:00,1,215.7,3.41,734.82,0.002,31.2,3,22,NORMAL
2026-05-01 01:48:10,1,218.5,3.59,784.63,0.0022,30.6,3,22,NORMAL
2026-05-01 01:48:20,1,222.7,3.92,872.45,0.0024,31.7,2,22,NORMAL
2026-05-01 01:48:30,1,220.5,2.89,637.02,0.0018,27.5,2,24,NORMAL
2026-05-01 01:48:40,1,222.7,2.93,651.85,0.0018,29.9,2,24,NORMAL
2026-05-01 01:48:50,1,224.1,3.03,679.38,0.0019,29.9,1,24,NORMAL
2026-05-01 01:49:00,1,220.3,1.88,413.48,0.0011,25.2,2,26,NORMAL
2026-05-01 01:49:10,1,220.0,1.43,313.9,0.0009,25.0,2,26,NORMAL
2026-05-01 01:49:20,1,224.3,1.62,363.09,0.001,25.7,2,26,NORMAL
2026-05-01 01:49:30,1,222.3,3.05,677.85,0.0019,27.3,2,24,NORMAL
2026-05-01 01:49:40,1,218.5,2.38,520.4,0.0014,28.4,3,24,NORMAL
2026-05-01 01:49:50,1,223.2,3.02,674.49,0.0019,29.8,1,24,NORMAL
2026-05-01 01:50:00,1,215.3,2.6,559.88,0.0016,27.8,2,24,NORMAL
2026-05-01 01:50:10,1,224.2,3.83,858.61,0.0024,30.4,1,22,NORMAL
2026-05-01 01:50:20,1,221.1,0.08,17.49,0.0,28.3,0,OFF,NORMAL
2026-05-01 01:50:30,1,216.8,3.83,830.33,0.0,26.3,0,OFF,ANOMALI
2026-05-01 01:50:40,1,220.0,2.09,460.29,0.0013,25.5,1,26,NORMAL
2026-05-01 01:50:50,1,217.9,0.08,16.97,0.0,31.5,0,OFF,NORMAL
2026-05-01 01:51:00,1,217.1,2.22,481.73,0.0013,24.5,3,26,NORMAL
2026-05-01 01:51:10,1,220.1,2.71,596.97,0.0017,28.1,3,24,NORMAL
2026-05-01 01:51:20,1,224.9,3.01,676.68,0.0019,27.5,3,24,NORMAL
2026-05-01 01:51:30,1,215.3,1.99,429.48,0.0012,26.3,2,26,NORMAL
2026-05-01 01:51:40,1,217.2,3.21,698.3,0.0019,29.2,1,24,NORMAL
2026-05-01 01:51:50,1,218.8,3.13,684.1,0.0019,28.7,1,24,NORMAL
2026-05-01 01:52:00,1,224.3,2.8,628.07,0.0017,28.3,1,24,NORMAL
2026-05-01 01:52:10,1,217.1,2.35,509.66,0.0014,27.1,1,24,NORMAL
2026-05-01 01:52:20,1,221.2,0.05,10.39,0.0,28.0,0,OFF,NORMAL
2026-05-01 01:52:30,1,219.4,2.61,573.62,0.0016,29.5,2,24,NORMAL
2026-05-01 01:52:40,1,223.3,3.1,692.88,0.0019,27.4,1,24,NORMAL
2026-05-01 01:52:50,1,219.9,2.34,514.5,0.0014,27.5,3,24,NORMAL
2026-05-01 01:53:00,1,222.9,0.05,11.64,0.0,28.7,0,OFF,NORMAL
2026-05-01 01:53:10,1,224.0,1.66,371.45,0.001,25.1,3,26,NORMAL
2026-05-01 01:53:20,1,220.1,2.29,503.2,0.0014,28.0,2,24,NORMAL
2026-05-01 01:53:30,1,216.2,2.21,477.67,0.0013,25.2,1,26,NORMAL
2026-05-01 01:53:40,1,216.5,2.88,624.3,0.0017,27.4,1,24,NORMAL
2026-05-01 01:53:50,1,223.5,1.82,407.34,0.0011,24.7,3,26,NORMAL
2026-05-01 01:54:00,1,223.2,0.03,7.54,0.0,27.0,0,OFF,NORMAL
2026-05-01 01:54:10,1,219.6,3.03,665.45,0.0018,27.5,3,24,NORMAL
2026-05-01 01:54:20,1,225.0,3.47,780.6,0.0022,31.5,2,22,NORMAL
2026-05-01 01:54:30,1,224.5,3.24,726.96,0.002,31.9,1,22,NORMAL
2026-05-01 01:54:40,1,217.0,0.09,19.5,0.0001,27.3,0,OFF,NORMAL
2026-05-01 01:54:50,1,221.0,3.03,669.41,0.0019,27.2,2,24,NORMAL
2026-05-01 01:55:00,1,215.4,3.11,670.7,0.0019,29.1,3,24,NORMAL
2026-05-01 01:55:10,1,224.2,2.65,593.56,0.0016,29.6,1,24,NORMAL
2026-05-01 01:55:20,1,223.2,4.01,895.72,0.0025,30.0,2,22,NORMAL
2026-05-01 01:55:30,1,224.1,2.14,480.52,0.0013,25.3,2,26,NORMAL
2026-05-01 01:55:40,1,218.2,0.04,8.29,0.0,24.4,0,OFF,NORMAL
2026-05-01 01:55:50,1,224.4,2.13,478.34,0.0013,24.6,3,26,NORMAL
2026-05-01 01:56:00,1,222.3,4.41,979.77,0.0011,24.8,0,26,ANOMALI
2026-05-01 01:56:10,1,221.3,2.34,516.83,0.0014,28.5,3,24,NORMAL
2026-05-01 01:56:20,1,223.5,2.34,522.32,0.0015,28.6,2,24,NORMAL
2026-05-01 01:56:30,1,215.4,0.02,5.07,0.0,31.8,0,OFF,NORMAL
2026-05-01 01:56:40,1,217.3,7.64,1659.31,0.0013,26.2,3,26,ANOMALI
2026-05-01 01:56:50,1,224.1,2.42,541.31,0.0015,29.1,3,24,NORMAL
2026-05-01 01:57:00,1,217.5,3.12,678.17,0.0019,27.3,2,24,NORMAL
2026-05-01 01:57:10,1,220.6,3.68,811.87,0.002,30.1,0,22,ANOMALI
2026-05-01 01:57:20,1,223.6,4.06,907.61,0.0025,31.0,2,22,NORMAL
2026-05-01 01:57:30,1,215.8,2.17,467.64,0.0013,25.7,3,26,NORMAL
2026-05-01 01:57:40,1,216.4,5.5,1191.05,0.0023,31.6,0,22,ANOMALI
2026-05-01 01:57:50,1,216.4,1.62,350.86,0.001,24.7,1,26,NORMAL
2026-05-01 01:58:00,1,218.3,0.09,19.7,0.0001,30.2,0,OFF,NORMAL
2026-05-01 01:58:10,1,218.1,3.4,742.26,0.0021,30.5,1,22,NORMAL
2026-05-01 01:58:20,1,218.9,1.78,390.1,0.0011,26.3,3,26,NORMAL
2026-05-01 01:58:30,1,220.6,1.42,313.58,0.0009,25.6,1,26,NORMAL
2026-05-01 01:58:40,1,218.6,6.16,1345.9,0.0,24.4,0,OFF,ANOMALI
2026-05-01 01:58:50,1,217.3,0.08,18.19,0.0001,29.8,0,OFF,NORMAL
2026-05-01 01:59:00,1,215.8,4.22,910.63,0.0025,30.0,2,22,NORMAL
2026-05-01 01:59:10,1,216.5,3.0,649.32,0.0018,27.1,1,24,NORMAL
2026-05-01 01:59:20,1,217.1,2.72,589.47,0.0016,28.1,1,24,NORMAL
2026-05-01 01:59:30,1,224.1,2.78,622.74,0.0017,27.1,1,24,NORMAL
2026-05-01 01:59:40,1,217.0,3.02,654.29,0.0018,29.0,3,24,NORMAL
2026-05-01 01:59:50,1,215.7,0.06,11.9,0.0,30.8,0,OFF,NORMAL
2026-05-01 02:00:00,2,215.1,2.08,446.38,0.0012,25.7,3,26,NORMAL
2026-05-01 02:00:10,2,216.7,2.41,521.17,0.0014,27.2,3,24,NORMAL
2026-05-01 02:00:20,2,221.1,0.08,16.66,0.0,30.2,0,OFF,NORMAL
2026-05-01 02:00:30,2,223.7,0.07,15.79,0.0,31.6,0,OFF,NORMAL
2026-05-01 02:00:40,2,217.9,3.77,821.72,0.0023,32.0,3,22,NORMAL
2026-05-01 02:00:50,2,215.7,0.06,13.72,0.0,30.2,0,OFF,NORMAL
2026-05-01 02:01:00,2,223.2,2.51,561.0,0.0016,27.8,2,24,NORMAL
2026-05-01 02:01:10,2,220.7,0.05,12.13,0.0,24.0,0,OFF,NORMAL
2026-05-01 02:01:20,2,220.4,0.06,12.71,0.0,30.3,0,OFF,NORMAL
2026-05-01 02:01:30,2,216.8,2.75,596.64,0.0017,29.4,1,24,NORMAL
2026-05-01 02:01:40,2,221.5,1.91,423.62,0.0012,26.8,1,26,NORMAL
2026-05-01 02:01:50,2,224.4,0.08,18.46,0.0001,28.9,0,OFF,NORMAL
2026-05-01 02:02:00,2,217.8,1.75,380.71,0.0011,24.6,3,26,NORMAL
2026-05-01 02:02:10,2,224.4,3.28,735.98,0.002,30.2,1,22,NORMAL
2026-05-01 02:02:20,2,217.0,1.97,428.04,0.0012,24.3,3,26,NORMAL
2026-05-01 02:02:30,2,222.2,2.58,572.56,0.0016,28.4,1,24,NORMAL
2026-05-01 02:02:40,2,223.8,3.48,778.46,0.0022,31.8,2,22,NORMAL
2026-05-01 02:02:50,2,219.7,1.55,340.61,0.0009,25.1,2,26,NORMAL
2026-05-01 02:03:00,2,215.1,3.3,709.78,0.002,30.6,1,22,NORMAL
2026-05-01 02:03:10,2,219.1,1.39,304.6,0.0008,25.0,3,26,NORMAL
2026-05-01 02:03:20,2,222.2,2.82,626.93,0.0017,28.1,3,24,NORMAL
2026-05-01 02:03:30,2,219.6,0.09,19.9,0.0001,27.6,0,OFF,NORMAL
2026-05-01 02:03:40,2,219.7,3.17,696.92,0.0019,27.1,2,24,NORMAL
2026-05-01 02:03:50,2,222.9,3.05,678.92,0.0019,28.4,1,24,NORMAL
2026-05-01 02:04:00,2,217.3,0.07,14.95,0.0,26.8,0,OFF,NORMAL
2026-05-01 02:04:10,2,215.6,4.07,877.86,0.0024,31.9,2,22,NORMAL
2026-05-01 02:04:20,2,222.3,3.71,825.65,0.0023,30.0,3,22,NORMAL
2026-05-01 02:04:30,2,224.6,0.03,6.4,0.0,26.2,0,OFF,NORMAL
2026-05-01 02:04:40,2,222.3,3.72,827.39,0.0023,31.3,1,22,NORMAL
2026-05-01 02:04:50,2,219.6,2.01,440.73,0.0012,25.3,1,26,NORMAL
2026-05-01 02:05:00,2,218.9,2.69,589.23,0.0016,28.3,2,24,NORMAL
2026-05-01 02:05:10,2,218.4,2.73,595.35,0.0017,28.7,2,24,NORMAL
2026-05-01 02:05:20,2,219.6,1.67,365.84,0.001,26.6,2,26,NORMAL
2026-05-01 02:05:30,2,216.2,0.05,10.76,0.0,26.9,0,OFF,NORMAL
2026-05-01 02:05:40,2,223.5,2.7,603.98,0.0017,27.9,3,24,NORMAL
2026-05-01 02:05:50,2,217.1,1.65,358.22,0.001,25.9,3,26,NORMAL
2026-05-01 02:06:00,2,218.8,0.04,8.22,0.0,29.3,0,OFF,NORMAL
2026-05-01 02:06:10,2,216.8,2.56,556.05,0.0015,29.3,2,24,NORMAL
2026-05-01 02:06:20,2,215.8,0.07,14.43,0.0,31.3,0,OFF,NORMAL
2026-05-01 02:06:30,2,220.3,0.02,5.11,0.0,24.9,0,OFF,NORMAL
2026-05-01 02:06:40,2,218.9,2.71,594.29,0.0017,29.1,3,24,NORMAL
2026-05-01 02:06:50,2,224.9,3.97,893.35,0.0025,30.3,2,22,NORMAL
2026-05-01 02:07:00,2,221.9,2.39,530.75,0.0015,28.2,2,24,NORMAL
2026-05-01 02:07:10,2,217.8,2.1,457.23,0.0013,26.5,1,26,NORMAL
2026-05-01 02:07:20,2,222.1,1.92,426.89,0.0012,26.2,2,26,NORMAL
2026-05-01 02:07:30,2,218.3,0.05,11.46,0.0,29.0,0,OFF,NORMAL
2026-05-01 02:07:40,2,219.0,0.03,7.45,0.0,28.7,0,OFF,NORMAL
2026-05-01 02:07:50,2,221.0,1.7,375.69,0.001,25.5,1,26,NORMAL
2026-05-01 02:08:00,2,220.4,3.22,710.29,0.002,31.3,2,22,NORMAL
2026-05-01 02:08:10,2,216.4,0.06,12.93,0.0,25.0,0,OFF,NORMAL
2026-05-01 02:08:20,2,215.2,3.24,697.16,0.0019,27.2,1,24,NORMAL
2026-05-01 02:08:30,2,219.9,2.16,473.89,0.0013,24.6,3,26,NORMAL
2026-05-01 02:08:40,2,218.1,0.08,17.18,0.0,24.5,0,OFF,NORMAL
2026-05-01 02:08:50,2,221.8,1.9,421.74,0.0012,24.8,1,26,NORMAL
2026-05-01 02:09:00,2,220.0,0.08,18.35,0.0001,25.7,0,OFF,NORMAL
2026-05-01 02:09:10,2,223.8,3.88,868.08,0.0024,31.8,2,22,NORMAL
2026-05-01 02:09:20,2,216.1,6.29,1360.11,0.0,25.5,0,OFF,ANOMALI
2026-05-01 02:09:30,2,217.1,2.79,604.71,0.0017,28.0,3,24,NORMAL
2026-05-01 02:09:40,2,223.6,1.71,381.44,0.0011,26.2,1,26,NORMAL
2026-05-01 02:09:50,2,217.3,2.11,458.82,0.0013,24.4,1,26,NORMAL
2026-05-01 02:10:00,2,215.9,9.09,1963.29,0.0013,26.8,1,26,ANOMALI
2026-05-01 02:10:10,2,216.6,0.06,12.68,0.0,25.7,0,OFF,NORMAL
2026-05-01 02:10:20,2,220.3,0.04,9.35,0.0,27.8,0,OFF,NORMAL
2026-05-01 02:10:30,2,220.5,1.79,394.2,0.0011,24.7,3,26,NORMAL
2026-05-01 02:10:40,2,219.0,0.06,13.86,0.0,31.5,0,OFF,NORMAL
2026-05-01 02:10:50,2,223.3,1.99,445.3,0.0012,26.2,3,26,NORMAL
2026-05-01 02:11:00,2,218.4,2.9,632.37,0.0018,29.1,2,24,NORMAL
2026-05-01 02:11:10,2,222.7,2.58,574.86,0.0016,27.1,1,24,NORMAL
2026-05-01 02:11:20,2,216.8,0.08,18.19,0.0001,24.4,0,OFF,NORMAL
2026-05-01 02:11:30,2,224.1,3.25,728.88,0.002,31.5,1,22,NORMAL
2026-05-01 02:11:40,2,220.6,0.06,12.26,0.0,27.8,0,OFF,NORMAL
2026-05-01 02:11:50,2,215.2,3.33,716.9,0.002,31.4,2,22,NORMAL
2026-05-01 02:12:00,2,220.2,2.31,509.66,0.0014,28.3,1,24,NORMAL
2026-05-01 02:12:10,2,222.0,5.57,1235.88,0.0026,30.5,0,22,ANOMALI
2026-05-01 02:12:20,2,217.6,2.97,646.83,0.0018,27.0,1,24,NORMAL
2026-05-01 02:12:30,2,216.2,3.07,664.43,0.0018,27.3,1,24,NORMAL
2026-05-01 02:12:40,2,217.6,2.08,452.18,0.0013,24.9,1,26,NORMAL
2026-05-01 02:12:50,2,217.4,1.69,367.84,0.001,24.8,1,26,NORMAL
2026-05-01 02:13:00,2,217.8,3.14,684.8,0.0019,27.2,1,24,NORMAL
2026-05-01 02:13:10,2,223.4,2.28,509.26,0.0014,27.6,2,24,NORMAL
2026-05-01 02:13:20,2,222.7,6.95,1548.5,0.0019,29.1,3,24,ANOMALI
2026-05-01 02:13:30,2,220.5,2.82,621.56,0.0017,28.3,2,24,NORMAL
2026-05-01 02:13:40,2,221.9,1.74,385.43,0.0011,25.8,3,26,NORMAL
2026-05-01 02:13:50,2,218.9,0.03,6.65,0.0,26.1,0,OFF,NORMAL
2026-05-01 02:14:00,2,216.8,3.42,741.46,0.0021,30.4,3,22,NORMAL
2026-05-01 02:14:10,2,215.6,1.86,401.8,0.0011,24.4,3,26,NORMAL
2026-05-01 02:14:20,2,221.6,1.86,411.63,0.0011,24.1,1,26,NORMAL
2026-05-01 02:14:30,2,218.4,2.05,447.92,0.0012,24.4,1,26,NORMAL
2026-05-01 02:14:40,2,224.3,3.89,873.64,0.0024,30.3,3,22,NORMAL
2026-05-01 02:14:50,2,218.3,2.34,511.23,0.0014,29.0,3,24,NORMAL
2026-05-01 02:15:00,2,224.2,4.15,929.97,0.0026,30.3,2,22,NORMAL
2026-05-01 02:15:10,2,223.0,1.85,411.63,0.0011,26.0,3,26,NORMAL
2026-05-01 02:15:20,2,219.2,3.03,664.6,0.0018,27.0,3,24,NORMAL
2026-05-01 02:15:30,2,217.4,4.06,882.34,0.0025,30.5,3,22,NORMAL
2026-05-01 02:15:40,2,217.7,0.03,5.69,0.0,28.5,0,OFF,NORMAL
2026-05-01 02:15:50,2,222.6,2.33,518.63,0.0014,27.8,1,24,NORMAL
2026-05-01 02:16:00,2,216.1,2.43,526.09,0.0015,29.5,1,24,NORMAL
2026-05-01 02:16:10,2,216.6,1.45,313.07,0.0009,26.0,2,26,NORMAL
2026-05-01 02:16:20,2,222.4,1.8,400.47,0.0011,24.7,3,26,NORMAL
2026-05-01 02:16:30,2,224.7,2.57,576.58,0.0016,29.2,3,24,NORMAL
2026-05-01 02:16:40,2,221.4,2.36,523.22,0.0015,27.0,3,24,NORMAL
2026-05-01 02:16:50,2,224.0,0.07,16.15,0.0,29.6,0,OFF,NORMAL
2026-05-01 02:17:00,2,220.3,3.89,857.88,0.0024,30.3,3,22,NORMAL
2026-05-01 02:17:10,2,221.0,0.08,18.21,0.0001,26.6,0,OFF,NORMAL
2026-05-01 02:17:20,2,215.7,0.08,17.99,0.0,24.1,0,OFF,NORMAL
2026-05-01 02:17:30,2,217.9,1.91,416.73,0.0012,26.3,2,26,NORMAL
2026-05-01 02:17:40,2,215.1,2.32,499.77,0.0014,24.5,1,26,NORMAL
2026-05-01 02:17:50,2,224.9,1.95,438.7,0.0012,24.9,1,26,NORMAL
2026-05-01 02:18:00,2,165.06669320807313,0.08,12.46,0.0,26.7,0,OFF,ANOMALI
2026-05-01 02:18:10,2,216.8,6.71,1454.99,0.0023,31.5,3,22,ANOMALI
2026-05-01 02:18:20,2,216.8,4.26,923.99,0.0026,30.1,1,22,NORMAL
2026-05-01 02:18:30,2,222.5,3.08,685.69,0.0019,28.9,1,24,NORMAL
2026-05-01 02:18:40,2,215.5,0.04,8.42,0.0,27.6,0,OFF,NORMAL
2026-05-01 02:18:50,2,217.6,0.07,14.83,0.0,31.5,0,OFF,NORMAL
2026-05-01 02:19:00,2,222.8,2.95,656.89,0.0018,27.7,3,24,NORMAL
2026-05-01 02:19:10,2,215.4,3.04,654.2,0.0018,28.5,1,24,NORMAL
2026-05-01 02:19:20,2,223.3,2.38,532.51,0.0015,28.9,3,24,NORMAL
2026-05-01 02:19:30,2,223.2,5.88,1311.98,0.002,31.2,3,22,ANOMALI
2026-05-01 02:19:40,2,219.2,0.04,8.94,0.0,25.8,0,OFF,NORMAL
2026-05-01 02:19:50,2,217.1,0.03,6.51,0.0,27.2,0,OFF,NORMAL
2026-05-01 02:20:00,2,222.4,1.65,366.05,0.001,24.4,2,26,NORMAL
2026-05-01 02:20:10,2,218.7,1.65,361.91,0.001,26.9,2,26,NORMAL
2026-05-01 02:20:20,2,224.7,3.18,715.27,0.002,31.1,1,22,NORMAL
2026-05-01 02:20:30,2,222.3,0.08,16.71,0.0,26.5,0,OFF,NORMAL
2026-05-01 02:20:40,2,220.1,4.1,902.84,0.0025,30.3,3,22,NORMAL
2026-05-01 02:20:50,2,216.2,4.04,872.51,0.0024,30.4,2,22,NORMAL
2026-05-01 02:21:00,2,218.3,3.29,717.96,0.002,31.9,3,22,NORMAL
2026-05-01 02:21:10,2,218.9,0.05,10.41,0.0,31.3,0,OFF,NORMAL
2026-05-01 02:21:20,2,216.5,1.83,397.14,0.0011,24.6,1,26,NORMAL
2026-05-01 02:21:30,2,224.5,4.1,920.67,0.0017,29.7,0,24,ANOMALI
2026-05-01 02:21:40,2,224.5,0.05,11.26,0.0,25.0,0,OFF,NORMAL
2026-05-01 02:21:50,2,224.4,1.7,380.39,0.0011,26.1,2,26,NORMAL
2026-05-01 02:22:00,2,215.2,2.73,586.86,0.0016,28.8,1,24,NORMAL
2026-05-01 02:22:10,2,223.4,1.59,356.0,0.001,24.3,2,26,NORMAL
2026-05-01 02:22:20,2,220.7,0.03,6.04,0.0,25.3,0,OFF,NORMAL
2026-05-01 02:22:30,2,220.2,0.04,8.51,0.0,29.6,0,OFF,NORMAL
2026-05-01 02:22:40,2,219.8,2.31,507.28,0.0014,29.4,1,24,NORMAL
2026-05-01 02:22:50,2,222.2,3.42,759.17,0.0021,31.2,3,22,NORMAL
2026-05-01 02:23:00,2,223.4,2.88,642.41,0.0018,27.3,1,24,NORMAL
2026-05-01 02:23:10,2,223.3,0.04,9.15,0.0,29.1,0,OFF,NORMAL
2026-05-01 02:23:20,2,219.8,2.94,645.54,0.0018,28.7,1,24,NORMAL
2026-05-01 02:23:30,2,216.4,2.2,476.35,0.0013,26.3,1,26,NORMAL
2026-05-01 02:23:40,2,220.5,0.07,14.6,0.0,30.6,0,OFF,NORMAL
2026-05-01 02:23:50,2,216.8,3.39,735.73,0.002,30.8,1,22,NORMAL
2026-05-01 02:24:00,2,217.9,0.09,19.08,0.0001,31.1,0,OFF,NORMAL
2026-05-01 02:24:10,2,222.0,3.33,739.39,0.0021,30.6,2,22,NORMAL
2026-05-01 02:24:20,2,224.4,3.62,813.34,0.0023,31.8,1,22,NORMAL
2026-05-01 02:24:30,2,215.2,4.14,891.43,0.0025,31.4,1,22,NORMAL
2026-05-01 02:24:40,2,221.7,1.61,356.43,0.001,25.6,1,26,NORMAL
2026-05-01 02:24:50,2,217.1,2.89,626.56,0.0017,28.0,3,24,NORMAL
2026-05-01 02:25:00,2,217.2,2.77,602.34,0.0017,29.1,2,24,NORMAL
2026-05-01 02:25:10,2,224.2,0.06,13.94,0.0,29.7,0,OFF,NORMAL
2026-05-01 02:25:20,2,220.9,1.64,361.36,0.001,25.6,3,26,NORMAL
2026-05-01 02:25:30,2,223.2,2.83,631.32,0.0018,28.5,2,24,NORMAL
2026-05-01 02:25:40,2,215.8,2.33,502.92,0.0014,28.7,1,24,NORMAL
2026-05-01 02:25:50,2,223.8,6.01,1345.5,0.0019,28.8,2,24,ANOMALI
2026-05-01 02:26:00,2,218.6,2.2,480.56,0.0013,26.3,2,26,NORMAL
2026-05-01 02:26:10,2,224.1,2.13,477.08,0.0013,25.1,2,26,NORMAL
2026-05-01 02:26:20,2,217.8,3.16,687.37,0.0019,28.8,1,24,NORMAL
2026-05-01 02:26:30,2,224.2,4.11,921.34,0.0026,30.4,2,22,NORMAL
2026-05-01 02:26:40,2,222.8,2.06,458.56,0.0013,24.8,3,26,NORMAL
2026-05-01 02:26:50,2,224.6,0.05,11.8,0.0,24.2,0,OFF,NORMAL
2026-05-01 02:27:00,2,217.1,3.34,724.68,0.002,30.0,1,22,NORMAL
2026-05-01 02:27:10,2,221.9,2.58,571.64,0.0016,27.5,2,24,NORMAL
2026-05-01 02:27:20,2,217.8,4.31,939.0,0.0026,31.7,2,22,NORMAL
2026-05-01 02:27:30,2,218.7,2.46,537.22,0.0015,27.2,1,24,NORMAL
2026-05-01 02:27:40,2,224.3,2.41,541.44,0.0015,28.2,2,24,NORMAL
2026-05-01 02:27:50,2,221.2,4.59,1014.71,0.0017,27.9,0,24,ANOMALI
2026-05-01 02:28:00,2,224.4,1.73,387.42,0.0011,26.1,3,26,NORMAL
2026-05-01 02:28:10,2,220.0,1.54,339.4,0.0009,24.5,1,26,NORMAL
2026-05-01 02:28:20,2,222.4,2.35,522.44,0.0015,27.7,1,24,NORMAL
2026-05-01 02:28:30,2,217.8,3.71,808.31,0.0022,31.5,3,22,NORMAL
2026-05-01 02:28:40,2,218.8,4.09,895.51,0.0025,30.7,2,22,NORMAL
2026-05-01 02:28:50,2,223.1,2.08,464.98,0.0013,25.4,2,26,NORMAL
2026-05-01 02:29:00,2,223.1,0.06,12.45,0.0,27.0,0,OFF,NORMAL
2026-05-01 02:29:10,2,218.4,0.08,18.33,0.0001,27.3,0,OFF,NORMAL
2026-05-01 02:29:20,2,221.4,1.79,397.38,0.0011,25.5,3,26,NORMAL
2026-05-01 02:29:30,2,223.6,0.07,14.88,0.0,31.7,0,OFF,NORMAL
2026-05-01 02:29:40,2,218.9,1.39,303.56,0.0008,26.5,1,26,NORMAL
2026-05-01 02:29:50,2,221.3,2.23,493.85,0.0014,25.2,3,26,NORMAL
2026-05-01 02:30:00,2,215.5,3.47,747.19,0.0021,30.8,3,22,NORMAL
2026-05-01 02:30:10,2,217.9,1.57,341.69,0.0009,26.6,1,26,NORMAL
2026-05-01 02:30:20,2,218.5,1.97,430.53,0.0012,26.2,1,26,NORMAL
2026-05-01 02:30:30,2,222.0,3.95,877.3,0.0024,31.7,3,22,NORMAL
2026-05-01 02:30:40,2,221.4,3.09,683.73,0.0019,28.1,2,24,NORMAL
2026-05-01 02:30:50,2,218.2,2.74,598.11,0.0017,28.7,3,24,NORMAL
2026-05-01 02:31:00,2,220.7,4.13,911.19,0.0025,31.9,3,22,NORMAL
2026-05-01 02:31:10,2,222.6,2.3,512.55,0.0014,27.8,1,24,NORMAL
2026-05-01 02:31:20,2,217.6,0.07,16.19,0.0,29.7,0,OFF,NORMAL
2026-05-01 02:31:30,2,215.1,2.92,627.32,0.0017,28.0,3,24,NORMAL
2026-05-01 02:31:40,2,216.8,0.04,9.45,0.0,29.7,0,OFF,NORMAL
2026-05-01 02:31:50,2,218.7,2.49,545.4,0.0015,29.5,2,24,NORMAL
2026-05-01 02:32:00,2,221.4,2.41,534.03,0.0015,28.8,1,24,NORMAL
2026-05-01 02:32:10,2,219.8,2.67,587.18,0.0016,27.6,2,24,NORMAL
2026-05-01 02:32:20,2,215.0,1.83,392.64,0.0011,26.7,3,26,NORMAL
2026-05-01 02:32:30,2,219.4,2.43,532.39,0.0015,29.9,2,24,NORMAL
2026-05-01 02:32:40,2,221.4,0.04,9.42,0.0,26.8,0,OFF,NORMAL
2026-05-01 02:32:50,2,221.5,4.12,912.53,0.0025,30.0,2,22,NORMAL
2026-05-01 02:33:00,2,216.6,2.07,447.77,0.0012,26.0,1,26,NORMAL
2026-05-01 02:33:10,2,215.9,3.25,701.44,0.0019,30.5,2,22,NORMAL
2026-05-01 02:33:20,2,217.6,0.04,7.78,0.0,30.1,0,OFF,NORMAL
2026-05-01 02:33:30,2,222.5,3.0,667.76,0.0019,28.1,2,24,NORMAL
2026-05-01 02:33:40,2,220.5,0.06,14.19,0.0,31.6,0,OFF,NORMAL
2026-05-01 02:33:50,2,221.4,1.7,377.44,0.001,26.4,1,26,NORMAL
2026-05-01 02:34:00,2,219.2,3.81,834.4,0.0023,31.1,1,22,NORMAL
2026-05-01 02:34:10,2,220.7,3.52,776.65,0.0022,30.5,1,22,NORMAL
2026-05-01 02:34:20,2,218.3,1.91,417.38,0.0012,26.1,3,26,NORMAL
2026-05-01 02:34:30,2,221.2,2.1,465.41,0.0013,24.1,2,26,NORMAL
2026-05-01 02:34:40,2,218.8,3.81,833.77,0.0023,30.5,1,22,NORMAL
2026-05-01 02:34:50,2,220.4,1.87,411.6,0.0011,24.7,1,26,NORMAL
2026-05-01 02:35:00,2,217.3,2.88,625.0,0.0017,27.2,2,24,NORMAL
2026-05-01 02:35:10,2,217.6,3.85,838.14,0.0023,31.1,3,22,NORMAL
2026-05-01 02:35:20,2,219.6,1.46,319.88,0.0009,25.9,1,26,NORMAL
2026-05-01 02:35:30,2,216.2,5.99,1294.09,0.0,25.2,0,OFF,ANOMALI
2026-05-01 02:35:40,2,223.4,2.63,587.1,0.0016,29.5,1,24,NORMAL
2026-05-01 02:35:50,2,219.1,3.17,693.68,0.0019,27.2,1,24,NORMAL
2026-05-01 02:36:00,2,216.3,1.39,301.57,0.0008,24.6,1,26,NORMAL
2026-05-01 02:36:10,2,222.6,2.88,641.44,0.0018,28.2,3,24,NORMAL
2026-05-01 02:36:20,2,216.2,1.78,385.09,0.0011,24.8,3,26,NORMAL
2026-05-01 02:36:30,2,216.4,3.65,790.47,0.0022,31.0,3,22,NORMAL
2026-05-01 02:36:40,2,218.0,1.49,325.16,0.0009,24.3,1,26,NORMAL
2026-05-01 02:36:50,2,215.1,3.02,650.19,0.0018,27.1,3,24,NORMAL
2026-05-01 02:37:00,2,224.6,0.05,10.21,0.0,28.1,0,OFF,NORMAL
2026-05-01 02:37:10,2,215.7,1.74,375.05,0.001,25.1,3,26,NORMAL
2026-05-01 02:37:20,2,218.1,3.11,677.61,0.0019,29.5,3,24,NORMAL
2026-05-01 02:37:30,2,223.9,2.09,467.32,0.0013,25.3,2,26,NORMAL
2026-05-01 02:37:40,2,222.1,2.96,658.24,0.0018,27.0,2,24,NORMAL
2026-05-01 02:37:50,2,221.6,1.47,325.65,0.0009,26.0,3,26,NORMAL
2026-05-01 02:38:00,2,217.7,2.73,593.48,0.0016,29.3,1,24,NORMAL
2026-05-01 02:38:10,2,219.5,2.56,560.9,0.0016,27.5,1,24,NORMAL
2026-05-01 02:38:20,2,224.2,2.47,554.85,0.0015,29.1,1,24,NORMAL
2026-05-01 02:38:30,2,223.0,1.55,344.95,0.001,26.2,1,26,NORMAL
2026-05-01 02:38:40,2,224.5,3.53,791.62,0.0022,31.9,2,22,NORMAL
2026-05-01 02:38:50,2,224.4,2.35,526.41,0.0015,27.8,1,24,NORMAL
2026-05-01 02:39:00,2,221.1,2.37,523.32,0.0015,27.8,2,24,NORMAL
2026-05-01 02:39:10,2,224.5,0.04,9.21,0.0,27.5,0,OFF,NORMAL
2026-05-01 02:39:20,2,215.0,3.0,645.32,0.0018,27.9,3,24,NORMAL
2026-05-01 02:39:30,2,224.8,1.83,410.69,0.0011,25.5,1,26,NORMAL
2026-05-01 02:39:40,2,215.4,2.32,500.62,0.0014,28.2,2,24,NORMAL
2026-05-01 02:39:50,2,221.0,0.04,8.45,0.0,29.4,0,OFF,NORMAL
2026-05-01 02:40:00,2,218.8,0.03,5.49,0.0,29.9,0,OFF,NORMAL
2026-05-01 02:40:10,2,215.6,0.05,9.89,0.0,28.4,0,OFF,NORMAL
2026-05-01 02:40:20,2,217.5,2.63,572.76,0.0016,27.0,1,24,NORMAL
2026-05-01 02:40:30,2,219.5,1.42,311.84,0.0009,26.5,1,26,NORMAL
2026-05-01 02:40:40,2,224.4,0.09,19.47,0.0001,28.2,0,OFF,NORMAL
2026-05-01 02:40:50,2,216.2,2.44,526.52,0.0015,29.2,2,24,NORMAL
2026-05-01 02:41:00,2,223.8,3.43,768.2,0.0021,30.4,2,22,NORMAL
2026-05-01 02:41:10,2,217.4,2.1,455.91,0.0013,24.7,2,26,NORMAL
2026-05-01 02:41:20,2,222.4,2.43,539.85,0.0015,27.4,2,24,NORMAL
2026-05-01 02:41:30,2,224.8,2.07,465.23,0.0013,26.1,3,26,NORMAL
2026-05-01 02:41:40,2,215.7,6.5,1401.03,0.0,27.6,0,OFF,ANOMALI
2026-05-01 02:41:50,2,222.9,1.45,322.15,0.0009,26.6,1,26,NORMAL
2026-05-01 02:42:00,2,218.8,2.42,528.86,0.0015,27.3,2,24,NORMAL
2026-05-01 02:42:10,2,219.5,3.8,834.61,0.0023,30.7,2,22,NORMAL
2026-05-01 02:42:20,2,218.7,2.76,603.14,0.0017,29.3,2,24,NORMAL
2026-05-01 02:42:30,2,216.2,4.18,904.47,0.0025,30.3,1,22,NORMAL
2026-05-01 02:42:40,2,220.9,2.38,524.86,0.0015,29.9,3,24,NORMAL
2026-05-01 02:42:50,2,216.4,1.51,326.12,0.0009,26.8,1,26,NORMAL
2026-05-01 02:43:00,2,217.5,2.57,558.64,0.0016,27.1,2,24,NORMAL
2026-05-01 02:43:10,2,221.3,0.06,13.49,0.0,25.0,0,OFF,NORMAL
2026-05-01 02:43:20,2,215.8,3.24,700.15,0.0019,30.7,1,22,NORMAL
2026-05-01 02:43:30,2,217.5,2.79,606.83,0.0017,29.3,3,24,NORMAL
2026-05-01 02:43:40,2,215.3,4.17,898.54,0.0025,30.9,3,22,NORMAL
2026-05-01 02:43:50,2,215.4,2.27,489.4,0.0014,24.6,2,26,NORMAL
2026-05-01 02:44:00,2,221.9,2.3,510.17,0.0014,27.4,3,24,NORMAL
2026-05-01 02:44:10,2,217.1,2.21,479.79,0.0013,26.8,1,26,NORMAL
2026-05-01 02:44:20,2,219.4,1.95,427.45,0.0012,24.3,1,26,NORMAL
2026-05-01 02:44:30,2,222.4,2.23,496.93,0.0014,26.3,2,26,NORMAL
2026-05-01 02:44:40,2,216.2,4.11,888.4,0.0025,30.5,3,22,NORMAL
2026-05-01 02:44:50,2,218.2,0.08,16.77,0.0,24.7,0,OFF,NORMAL
2026-05-01 02:45:00,2,222.4,0.05,12.02,0.0,27.7,0,OFF,NORMAL
2026-05-01 02:45:10,2,221.6,0.07,15.01,0.0,29.9,0,OFF,NORMAL
2026-05-01 02:45:20,2,217.9,1.96,427.57,0.0012,24.2,2,26,NORMAL
2026-05-01 02:45:30,2,220.6,2.13,469.39,0.0013,24.6,1,26,NORMAL
2026-05-01 02:45:40,2,220.4,0.07,15.29,0.0,31.1,0,OFF,NORMAL
2026-05-01 02:45:50,2,216.8,3.89,843.6,0.0023,31.5,1,22,NORMAL
2026-05-01 02:46:00,2,222.8,0.06,13.05,0.0,24.4,0,OFF,NORMAL
2026-05-01 02:46:10,2,216.8,0.07,15.61,0.0,26.6,0,OFF,NORMAL
2026-05-01 02:46:20,2,219.9,1.97,432.49,0.0012,25.5,2,26,NORMAL
2026-05-01 02:46:30,2,216.8,0.07,14.97,0.0,29.3,0,OFF,NORMAL
2026-05-01 02:46:40,2,224.3,3.84,862.3,0.0024,30.8,1,22,NORMAL
2026-05-01 02:46:50,2,221.4,2.48,547.97,0.0015,29.7,3,24,NORMAL
2026-05-01 02:47:00,2,216.4,2.91,628.93,0.0017,27.5,2,24,NORMAL
2026-05-01 02:47:10,2,218.0,2.24,488.38,0.0014,26.2,1,26,NORMAL
2026-05-01 02:47:20,2,218.3,2.61,569.72,0.0016,27.8,3,24,NORMAL
2026-05-01 02:47:30,2,216.7,3.94,854.35,0.0024,31.3,1,22,NORMAL
2026-05-01 02:47:40,2,223.7,1.96,438.79,0.0012,24.6,2,26,NORMAL
2026-05-01 02:47:50,2,219.1,1.63,357.22,0.001,26.2,2,26,NORMAL
2026-05-01 02:48:00,2,219.9,2.73,599.98,0.0017,29.5,2,24,NORMAL
2026-05-01 02:48:10,2,218.2,2.1,458.92,0.0013,24.0,2,26,NORMAL
2026-05-01 02:48:20,2,221.8,1.81,400.35,0.0011,26.2,2,26,NORMAL
2026-05-01 02:48:30,2,224.1,3.29,736.75,0.002,30.7,3,22,NORMAL
2026-05-01 02:48:40,2,223.7,1.75,390.82,0.0011,26.1,2,26,NORMAL
2026-05-01 02:48:50,2,223.7,2.92,653.55,0.0018,27.9,2,24,NORMAL
2026-05-01 02:49:00,2,216.0,1.82,392.46,0.0011,24.2,1,26,NORMAL
2026-05-01 02:49:10,2,215.2,3.99,858.46,0.0024,30.3,3,22,NORMAL
2026-05-01 02:49:20,2,219.6,2.5,549.1,0.0015,29.0,2,24,NORMAL
2026-05-01 02:49:30,2,217.2,3.18,691.0,0.0019,29.2,3,24,NORMAL
2026-05-01 02:49:40,2,176.20936184060164,0.08,13.53,0.0,29.8,0,OFF,ANOMALI
2026-05-01 02:49:50,2,224.1,4.02,901.66,0.0025,31.5,1,22,NORMAL
2026-05-01 02:50:00,2,223.3,2.7,602.29,0.0017,28.1,3,24,NORMAL
2026-05-01 02:50:10,2,222.9,0.05,10.94,0.0,26.2,0,OFF,NORMAL
2026-05-01 02:50:20,2,216.2,3.07,663.06,0.0018,29.6,1,24,NORMAL
2026-05-01 02:50:30,2,220.0,2.4,527.58,0.0015,28.8,1,24,NORMAL
2026-05-01 02:50:40,2,218.6,1.76,384.56,0.0011,25.1,2,26,NORMAL
2026-05-01 02:50:50,2,216.7,0.05,11.72,0.0,25.8,0,OFF,NORMAL
2026-05-01 02:51:00,2,215.2,0.05,10.52,0.0,27.1,0,OFF,NORMAL
2026-05-01 02:51:10,2,218.7,0.04,9.52,0.0,29.8,0,OFF,NORMAL
2026-05-01 02:51:20,2,216.9,2.3,498.72,0.0014,25.8,2,26,NORMAL
2026-05-01 02:51:30,2,221.6,2.23,493.17,0.0014,26.8,2,26,NORMAL
2026-05-01 02:51:40,2,219.3,3.66,801.9,0.0022,30.9,1,22,NORMAL
2026-05-01 02:51:50,2,219.4,3.1,681.05,0.0019,29.5,1,24,NORMAL
2026-05-01 02:52:00,2,217.3,2.12,460.35,0.0013,24.1,2,26,NORMAL
2026-05-01 02:52:10,2,218.0,2.02,439.56,0.0012,25.7,1,26,NORMAL
2026-05-01 02:52:20,2,224.7,0.07,15.18,0.0,25.5,0,OFF,NORMAL
2026-05-01 02:52:30,2,216.0,2.49,537.1,0.0015,28.0,2,24,NORMAL
2026-05-01 02:52:40,2,218.5,1.77,386.44,0.0011,24.7,3,26,NORMAL
2026-05-01 02:52:50,2,221.8,4.23,937.84,0.0026,30.1,3,22,NORMAL
2026-05-01 02:53:00,2,221.3,0.05,10.66,0.0,30.2,0,OFF,NORMAL
2026-05-01 02:53:10,2,216.4,2.34,507.1,0.0014,28.6,1,24,NORMAL
2026-05-01 02:53:20,2,224.7,0.02,5.59,0.0,25.8,0,OFF,NORMAL
2026-05-01 02:53:30,2,220.0,0.05,10.83,0.0,30.7,0,OFF,NORMAL
2026-05-01 02:53:40,2,220.0,4.16,916.02,0.0025,31.1,2,22,NORMAL
2026-05-01 02:53:50,2,220.7,2.02,445.59,0.0012,26.6,1,26,NORMAL
2026-05-01 02:54:00,2,219.0,0.07,15.41,0.0,24.6,0,OFF,NORMAL
2026-05-01 02:54:10,2,219.0,3.94,862.56,0.0024,30.5,3,22,NORMAL
2026-05-01 02:54:20,2,222.4,2.99,664.09,0.0018,28.2,1,24,NORMAL
2026-05-01 02:54:30,2,218.1,4.1,893.38,0.0025,30.1,1,22,NORMAL
2026-05-01 02:54:40,2,215.8,0.04,8.28,0.0,27.9,0,OFF,NORMAL
2026-05-01 02:54:50,2,224.4,1.5,337.62,0.0009,25.3,1,26,NORMAL
2026-05-01 02:55:00,2,224.0,2.67,598.13,0.0017,29.8,1,24,NORMAL
2026-05-01 02:55:10,2,218.1,0.04,9.73,0.0,26.1,0,OFF,NORMAL
2026-05-01 02:55:20,2,221.9,1.96,435.33,0.0012,26.1,3,26,NORMAL
2026-05-01 02:55:30,2,221.5,1.49,329.44,0.0009,26.2,1,26,NORMAL
2026-05-01 02:55:40,2,223.1,0.03,5.81,0.0,29.5,0,OFF,NORMAL
2026-05-01 02:55:50,2,224.4,0.04,9.65,0.0,25.3,0,OFF,NORMAL
2026-05-01 02:56:00,2,218.2,2.08,453.15,0.0013,24.7,2,26,NORMAL
2026-05-01 02:56:10,2,216.6,2.09,451.99,0.0013,26.8,2,26,NORMAL
2026-05-01 02:56:20,2,221.4,2.24,496.7,0.0014,24.6,1,26,NORMAL
2026-05-01 02:56:30,2,224.2,1.93,432.05,0.0012,24.7,1,26,NORMAL
2026-05-01 02:56:40,2,220.8,2.82,623.36,0.0017,28.5,2,24,NORMAL
2026-05-01 02:56:50,2,221.0,1.43,315.91,0.0009,24.6,1,26,NORMAL
2026-05-01 02:57:00,2,217.8,2.23,485.19,0.0013,24.4,3,26,NORMAL
2026-05-01 02:57:10,2,217.2,1.69,367.77,0.001,24.1,1,26,NORMAL
2026-05-01 02:57:20,2,217.2,3.19,692.56,0.0019,28.9,3,24,NORMAL
2026-05-01 02:57:30,2,224.5,1.96,439.45,0.0012,26.7,2,26,NORMAL
2026-05-01 02:57:40,2,217.4,2.19,475.89,0.0013,26.3,3,26,NORMAL
2026-05-01 02:57:50,2,221.7,2.39,530.89,0.0015,29.3,2,24,NORMAL
2026-05-01 02:58:00,2,223.8,1.8,401.97,0.0011,26.2,1,26,NORMAL
2026-05-01 02:58:10,2,157.4978564269458,3.02,474.98,0.0013,26.6,3,26,ANOMALI
2026-05-01 02:58:20,2,220.7,1.39,307.04,0.0009,26.7,1,26,NORMAL
2026-05-01 02:58:30,2,221.0,0.08,17.04,0.0,26.1,0,OFF,NORMAL
2026-05-01 02:58:40,2,217.3,2.09,454.23,0.0013,25.2,1,26,NORMAL
2026-05-01 02:58:50,2,219.5,2.24,492.01,0.0014,24.2,3,26,NORMAL
2026-05-01 02:59:00,2,219.4,2.76,605.23,0.0017,27.9,3,24,NORMAL
2026-05-01 02:59:10,2,220.0,1.56,342.4,0.001,25.0,2,26,NORMAL
2026-05-01 02:59:20,2,218.8,2.85,622.76,0.0017,27.6,2,24,NORMAL
2026-05-01 02:59:30,2,222.9,0.04,9.94,0.0,30.6,0,OFF,NORMAL
2026-05-01 02:59:40,2,224.0,4.15,929.79,0.0026,31.6,3,22,NORMAL
2026-05-01 02:59:50,2,224.1,2.77,620.28,0.0017,27.2,2,24,NORMAL
2026-05-01 03:00:00,3,223.9,2.78,622.2,0.0017,28.5,2,24,NORMAL
2026-05-01 03:00:10,3,215.1,4.38,942.59,0.0026,30.7,3,22,NORMAL
2026-05-01 03:00:20,3,219.6,0.04,8.46,0.0,24.7,0,OFF,NORMAL
2026-05-01 03:00:30,3,220.6,3.01,664.15,0.0018,28.9,2,24,NORMAL
2026-05-01 03:00:40,3,222.8,3.53,786.02,0.0022,30.7,3,22,NORMAL
2026-05-01 03:00:50,3,217.3,1.55,335.88,0.0009,26.8,1,26,NORMAL
2026-05-01 03:01:00,3,220.8,3.86,853.32,0.0024,30.2,1,22,NORMAL
2026-05-01 03:01:10,3,222.0,1.4,310.14,0.0009,24.9,2,26,NORMAL
2026-05-01 03:01:20,3,215.3,2.9,625.06,0.0017,29.1,2,24,NORMAL
2026-05-01 03:01:30,3,217.8,0.04,9.74,0.0,26.7,0,OFF,NORMAL
2026-05-01 03:01:40,3,220.1,0.03,6.47,0.0,28.6,0,OFF,NORMAL
2026-05-01 03:01:50,3,224.5,2.21,495.86,0.0014,24.8,2,26,NORMAL
2026-05-01 03:02:00,3,221.7,1.67,370.12,0.001,26.1,3,26,NORMAL
2026-05-01 03:02:10,3,223.5,1.78,398.92,0.0011,25.2,2,26,NORMAL
2026-05-01 03:02:20,3,223.4,0.04,8.56,0.0,26.5,0,OFF,NORMAL
2026-05-01 03:02:30,3,224.3,5.38,1206.21,0.0009,25.4,1,26,ANOMALI
2026-05-01 03:02:40,3,215.4,4.35,936.92,0.0026,31.2,2,22,NORMAL
2026-05-01 03:02:50,3,220.0,3.54,778.24,0.0022,30.4,2,22,NORMAL
2026-05-01 03:03:00,3,221.5,1.66,368.51,0.001,26.4,1,26,NORMAL
2026-05-01 03:03:10,3,220.0,3.91,860.29,0.0024,30.7,1,22,NORMAL
2026-05-01 03:03:20,3,221.1,4.02,888.56,0.0025,31.0,1,22,NORMAL
2026-05-01 03:03:30,3,224.8,2.41,542.12,0.0015,27.2,2,24,NORMAL
2026-05-01 03:03:40,3,217.8,4.19,911.69,0.0025,31.8,1,22,NORMAL
2026-05-01 03:03:50,3,224.4,0.03,6.29,0.0,27.7,0,OFF,NORMAL
2026-05-01 03:04:00,3,221.5,2.66,588.5,0.0016,29.4,2,24,NORMAL
2026-05-01 03:04:10,3,215.2,6.91,1486.76,0.001,24.2,0,26,ANOMALI
2026-05-01 03:04:20,3,221.4,3.86,855.19,0.0024,30.5,2,22,NORMAL
2026-05-01 03:04:30,3,221.9,2.43,538.76,0.0015,27.3,3,24,NORMAL
2026-05-01 03:04:40,3,224.2,3.62,812.27,0.0023,31.7,1,22,NORMAL
2026-05-01 03:04:50,3,221.3,2.35,519.19,0.0014,28.6,2,24,NORMAL
2026-05-01 03:05:00,3,222.0,2.01,447.01,0.0012,24.4,2,26,NORMAL
2026-05-01 03:05:10,3,224.2,3.57,800.5,0.0016,29.8,0,24,ANOMALI
2026-05-01 03:05:20,3,220.4,0.04,8.66,0.0,25.9,0,OFF,NORMAL
2026-05-01 03:05:30,3,221.9,0.05,11.44,0.0,28.8,0,OFF,NORMAL
2026-05-01 03:05:40,3,160.3850726630729,3.86,618.28,0.0017,28.5,1,24,ANOMALI
2026-05-01 03:05:50,3,217.0,1.73,374.69,0.001,26.2,1,26,NORMAL
2026-05-01 03:06:00,3,220.4,0.04,7.95,0.0,29.0,0,OFF,NORMAL
2026-05-01 03:06:10,3,221.1,4.07,899.48,0.0017,28.1,0,24,ANOMALI
2026-05-01 03:06:20,3,222.3,0.04,8.24,0.0,28.9,0,OFF,NORMAL
2026-05-01 03:06:30,3,215.9,0.08,17.16,0.0,28.1,0,OFF,NORMAL
2026-05-01 03:06:40,3,221.2,2.7,597.09,0.0017,27.8,2,24,NORMAL
2026-05-01 03:06:50,3,215.1,2.63,566.15,0.0016,27.7,3,24,NORMAL
2026-05-01 03:07:00,3,222.4,2.94,653.33,0.0018,29.8,1,24,NORMAL
2026-05-01 03:07:10,3,219.1,0.04,7.93,0.0,26.4,0,OFF,NORMAL
2026-05-01 03:07:20,3,215.9,1.96,423.15,0.0012,26.7,1,26,NORMAL
2026-05-01 03:07:30,3,219.8,0.04,8.67,0.0,29.7,0,OFF,NORMAL
2026-05-01 03:07:40,3,218.0,2.61,568.98,0.0016,29.2,3,24,NORMAL
2026-05-01 03:07:50,3,216.0,2.54,548.74,0.0015,27.0,1,24,NORMAL
2026-05-01 03:08:00,3,222.1,1.66,369.15,0.001,24.7,1,26,NORMAL
2026-05-01 03:08:10,3,217.9,0.03,6.36,0.0,26.9,0,OFF,NORMAL
2026-05-01 03:08:20,3,219.0,3.71,813.33,0.0023,30.1,1,22,NORMAL
2026-05-01 03:08:30,3,217.5,2.66,578.11,0.0016,27.1,2,24,NORMAL
2026-05-01 03:08:40,3,217.4,1.7,369.45,0.001,26.6,3,26,NORMAL
2026-05-01 03:08:50,3,224.0,3.59,804.9,0.0022,32.0,3,22,NORMAL
2026-05-01 03:09:00,3,223.1,1.87,416.92,0.0012,25.9,1,26,NORMAL
2026-05-01 03:09:10,3,220.8,0.06,13.11,0.0,29.9,0,OFF,NORMAL
2026-05-01 03:09:20,3,217.0,0.08,16.98,0.0,24.4,0,OFF,NORMAL
2026-05-01 03:09:30,3,216.1,2.64,571.5,0.0016,29.7,3,24,NORMAL
2026-05-01 03:09:40,3,223.5,3.66,817.15,0.0023,30.7,2,22,NORMAL
2026-05-01 03:09:50,3,219.4,0.07,15.91,0.0,31.8,0,OFF,NORMAL
2026-05-01 03:10:00,3,220.4,1.53,337.18,0.0009,26.8,3,26,NORMAL
2026-05-01 03:10:10,3,215.7,2.17,468.6,0.0013,26.4,1,26,NORMAL
2026-05-01 03:10:20,3,219.5,3.0,658.34,0.0018,29.1,3,24,NORMAL
2026-05-01 03:10:30,3,223.0,4.65,1036.62,0.0,28.5,0,OFF,ANOMALI
2026-05-01 03:10:40,3,215.7,2.35,507.14,0.0014,27.7,1,24,NORMAL
2026-05-01 03:10:50,3,151.1857961478709,3.02,456.14,0.0013,24.7,3,26,ANOMALI
2026-05-01 03:11:00,3,221.9,2.03,449.96,0.0012,26.7,2,26,NORMAL
2026-05-01 03:11:10,3,216.9,0.06,13.37,0.0,25.8,0,OFF,NORMAL
2026-05-01 03:11:20,3,221.4,3.56,787.26,0.0022,30.7,2,22,NORMAL
2026-05-01 03:11:30,3,218.1,0.07,14.83,0.0,31.8,0,OFF,NORMAL
2026-05-01 03:11:40,3,220.3,0.05,10.31,0.0,27.6,0,OFF,NORMAL
2026-05-01 03:11:50,3,218.0,3.63,790.69,0.0022,31.1,2,22,NORMAL
2026-05-01 03:12:00,3,221.8,2.1,466.27,0.0013,24.8,2,26,NORMAL
2026-05-01 03:12:10,3,217.3,0.09,19.14,0.0001,25.8,0,OFF,NORMAL
2026-05-01 03:12:20,3,225.0,0.09,19.79,0.0001,28.9,0,OFF,NORMAL
2026-05-01 03:12:30,3,215.1,4.08,878.49,0.0024,31.3,2,22,NORMAL
2026-05-01 03:12:40,3,220.8,3.23,713.63,0.002,30.8,1,22,NORMAL
2026-05-01 03:12:50,3,224.4,1.84,411.91,0.0011,24.6,1,26,NORMAL
2026-05-01 03:13:00,3,215.1,3.52,757.77,0.0021,30.1,2,22,NORMAL
2026-05-01 03:13:10,3,219.8,1.58,347.78,0.001,25.8,1,26,NORMAL
2026-05-01 03:13:20,3,224.8,0.08,17.11,0.0,27.9,0,OFF,NORMAL
2026-05-01 03:13:30,3,218.9,2.96,648.3,0.0018,28.5,1,24,NORMAL
2026-05-01 03:13:40,3,222.1,0.05,10.27,0.0,26.7,0,OFF,NORMAL
2026-05-01 03:13:50,3,216.8,2.09,452.07,0.0013,25.2,2,26,NORMAL
2026-05-01 03:14:00,3,216.7,0.07,15.53,0.0,27.2,0,OFF,NORMAL
2026-05-01 03:14:10,3,216.7,2.95,640.17,0.0018,28.8,1,24,NORMAL
2026-05-01 03:14:20,3,217.2,3.62,785.7,0.0022,30.6,1,22,NORMAL
2026-05-01 03:14:30,3,216.7,1.68,364.11,0.001,24.4,3,26,NORMAL
2026-05-01 03:14:40,3,224.5,3.21,720.4,0.002,31.9,3,22,NORMAL
2026-05-01 03:14:50,3,217.8,3.73,812.58,0.0023,31.2,2,22,NORMAL
2026-05-01 03:15:00,3,221.2,1.66,366.37,0.001,24.5,3,26,NORMAL
2026-05-01 03:15:10,3,221.8,0.03,7.59,0.0,28.6,0,OFF,NORMAL
2026-05-01 03:15:20,3,217.0,2.04,443.26,0.0012,24.8,3,26,NORMAL
2026-05-01 03:15:30,3,223.5,2.85,637.44,0.0018,29.3,1,24,NORMAL
2026-05-01 03:15:40,3,221.0,0.04,8.58,0.0,24.2,0,OFF,NORMAL
2026-05-01 03:15:50,3,224.8,3.08,692.07,0.0019,27.7,2,24,NORMAL
2026-05-01 03:16:00,3,218.6,1.68,367.61,0.001,24.7,2,26,NORMAL
2026-05-01 03:16:10,3,221.7,2.35,521.51,0.0014,29.1,1,24,NORMAL
2026-05-01 03:16:20,3,224.5,1.75,393.89,0.0011,24.5,1,26,NORMAL
2026-05-01 03:16:30,3,215.7,0.04,9.0,0.0,27.0,0,OFF,NORMAL
2026-05-01 03:16:40,3,219.9,2.17,477.18,0.0013,25.6,1,26,NORMAL
2026-05-01 03:16:50,3,223.7,3.14,702.76,0.002,31.2,3,22,NORMAL
2026-05-01 03:17:00,3,221.1,1.87,412.48,0.0011,26.7,2,26,NORMAL
2026-05-01 03:17:10,3,218.0,0.09,19.96,0.0001,24.4,0,OFF,NORMAL
2026-05-01 03:17:20,3,224.1,0.08,18.13,0.0001,30.5,0,OFF,NORMAL
2026-05-01 03:17:30,3,218.1,8.3,1810.05,0.0019,27.3,1,24,ANOMALI
2026-05-01 03:17:40,3,220.4,3.4,750.11,0.0021,30.1,1,22,NORMAL
2026-05-01 03:17:50,3,218.5,0.05,10.43,0.0,24.8,0,OFF,NORMAL
2026-05-01 03:18:00,3,220.6,0.09,18.76,0.0001,27.0,0,OFF,NORMAL
2026-05-01 03:18:10,3,217.8,3.79,824.72,0.0023,32.0,1,22,NORMAL
2026-05-01 03:18:20,3,223.0,2.99,667.09,0.0019,27.5,3,24,NORMAL
2026-05-01 03:18:30,3,219.4,3.55,779.6,0.0022,31.0,3,22,NORMAL
2026-05-01 03:18:40,3,216.4,0.03,5.68,0.0,25.3,0,OFF,NORMAL
2026-05-01 03:18:50,3,219.8,0.09,19.66,0.0001,31.4,0,OFF,NORMAL
2026-05-01 03:19:00,3,216.7,1.68,364.55,0.001,26.1,3,26,NORMAL
2026-05-01 03:19:10,3,217.2,3.1,672.43,0.0019,27.6,2,24,NORMAL
2026-05-01 03:19:20,3,221.2,3.83,848.17,0.0024,30.3,3,22,NORMAL
2026-05-01 03:19:30,3,215.5,2.15,463.76,0.0013,24.2,3,26,NORMAL
2026-05-01 03:19:40,3,220.5,2.48,547.4,0.0015,28.4,2,24,NORMAL
2026-05-01 03:19:50,3,223.4,0.09,19.9,0.0001,30.2,0,OFF,NORMAL
2026-05-01 03:20:00,3,221.4,1.52,336.09,0.0009,24.4,2,26,NORMAL
2026-05-01 03:20:10,3,215.8,0.08,16.63,0.0,24.1,0,OFF,NORMAL
2026-05-01 03:20:20,3,217.7,1.61,350.07,0.001,26.4,1,26,NORMAL
2026-05-01 03:20:30,3,215.5,1.47,317.49,0.0009,24.6,1,26,NORMAL
2026-05-01 03:20:40,3,217.4,2.77,601.89,0.0017,29.3,1,24,NORMAL
2026-05-01 03:20:50,3,217.8,1.82,397.46,0.0011,25.6,2,26,NORMAL
2026-05-01 03:21:00,3,224.7,2.05,461.01,0.0013,26.8,3,26,NORMAL
2026-05-01 03:21:10,3,216.7,0.06,12.55,0.0,29.9,0,OFF,NORMAL
2026-05-01 03:21:20,3,221.1,0.07,16.05,0.0,30.7,0,OFF,NORMAL
2026-05-01 03:21:30,3,216.9,3.2,693.35,0.0019,29.8,2,24,NORMAL
2026-05-01 03:21:40,3,224.2,3.89,871.21,0.0024,30.7,1,22,NORMAL
2026-05-01 03:21:50,3,215.7,3.36,724.0,0.002,31.2,3,22,NORMAL
2026-05-01 03:22:00,3,224.9,3.22,724.56,0.002,30.6,3,22,NORMAL
2026-05-01 03:22:10,3,216.2,1.77,381.9,0.0011,26.5,2,26,NORMAL
2026-05-01 03:22:20,3,222.4,2.17,483.42,0.0013,25.0,2,26,NORMAL
2026-05-01 03:22:30,3,217.4,0.08,16.39,0.0,24.7,0,OFF,NORMAL
2026-05-01 03:22:40,3,223.8,2.18,487.4,0.0014,26.4,3,26,NORMAL
2026-05-01 03:22:50,3,215.3,4.33,933.05,0.0026,30.6,1,22,NORMAL
2026-05-01 03:23:00,3,220.5,2.77,609.76,0.0017,27.6,2,24,NORMAL
2026-05-01 03:23:10,3,222.6,0.03,5.86,0.0,29.7,0,OFF,NORMAL
2026-05-01 03:23:20,3,218.9,0.07,14.53,0.0,29.4,0,OFF,NORMAL
2026-05-01 03:23:30,3,221.2,0.07,15.6,0.0,30.3,0,OFF,NORMAL
2026-05-01 03:23:40,3,219.9,3.82,839.52,0.0023,30.5,2,22,NORMAL
2026-05-01 03:23:50,3,219.5,0.06,13.35,0.0,27.0,0,OFF,NORMAL
2026-05-01 03:24:00,3,217.6,4.18,908.62,0.0025,32.0,3,22,NORMAL
2026-05-01 03:24:10,3,220.3,1.78,391.9,0.0011,25.3,3,26,NORMAL
2026-05-01 03:24:20,3,221.7,3.91,867.38,0.0024,31.9,2,22,NORMAL
2026-05-01 03:24:30,3,221.1,2.92,645.07,0.0018,27.2,1,24,NORMAL
2026-05-01 03:24:40,3,219.5,3.65,802.12,0.0022,31.4,2,22,NORMAL
2026-05-01 03:24:50,3,223.9,3.67,822.3,0.0023,30.7,2,22,NORMAL
2026-05-01 03:25:00,3,222.8,0.04,8.6,0.0,30.2,0,OFF,NORMAL
2026-05-01 03:25:10,3,157.44026304845022,2.39,376.29,0.001,24.6,3,26,ANOMALI
2026-05-01 03:25:20,3,224.8,0.05,10.84,0.0,30.4,0,OFF,NORMAL
2026-05-01 03:25:30,3,222.0,0.05,10.69,0.0,25.4,0,OFF,NORMAL
2026-05-01 03:25:40,3,219.6,0.07,14.55,0.0,30.7,0,OFF,NORMAL
2026-05-01 03:25:50,3,222.7,1.63,362.58,0.001,26.7,3,26,NORMAL
2026-05-01 03:26:00,3,221.3,0.07,16.35,0.0,29.3,0,OFF,NORMAL
2026-05-01 03:26:10,3,218.0,0.05,10.59,0.0,25.9,0,OFF,NORMAL
2026-05-01 03:26:20,3,218.5,3.09,676.01,0.0019,29.9,1,24,NORMAL
2026-05-01 03:26:30,3,217.5,3.01,654.48,0.0018,28.0,3,24,NORMAL
2026-05-01 03:26:40,3,221.3,0.08,17.07,0.0,31.4,0,OFF,NORMAL
2026-05-01 03:26:50,3,223.4,1.96,437.77,0.0012,25.4,2,26,NORMAL
2026-05-01 03:27:00,3,217.6,2.12,461.32,0.0013,24.9,3,26,NORMAL
2026-05-01 03:27:10,3,219.2,2.02,443.84,0.0012,26.5,2,26,NORMAL
2026-05-01 03:27:20,3,216.2,3.1,670.76,0.0019,29.2,1,24,NORMAL
2026-05-01 03:27:30,3,220.8,0.03,6.12,0.0,28.5,0,OFF,NORMAL
2026-05-01 03:27:40,3,219.5,1.48,323.98,0.0009,24.7,1,26,NORMAL
2026-05-01 03:27:50,3,223.0,0.04,7.91,0.0,26.6,0,OFF,NORMAL
2026-05-01 03:28:00,3,216.3,2.91,628.56,0.0017,27.8,1,24,NORMAL
2026-05-01 03:28:10,3,218.4,2.42,527.52,0.0015,28.5,1,24,NORMAL
2026-05-01 03:28:20,3,223.4,3.02,675.01,0.0019,27.0,1,24,NORMAL
2026-05-01 03:28:30,3,217.7,0.03,7.29,0.0,24.8,0,OFF,NORMAL
2026-05-01 03:28:40,3,220.9,1.62,357.33,0.001,25.3,3,26,NORMAL
2026-05-01 03:28:50,3,219.4,0.04,9.07,0.0,31.4,0,OFF,NORMAL
2026-05-01 03:29:00,3,215.3,0.02,5.18,0.0,29.8,0,OFF,NORMAL
2026-05-01 03:29:10,3,219.7,1.77,388.73,0.0011,26.9,2,26,NORMAL
2026-05-01 03:29:20,3,217.5,4.35,946.79,0.0026,30.4,2,22,NORMAL
2026-05-01 03:29:30,3,215.6,3.32,715.29,0.002,30.0,3,22,NORMAL
2026-05-01 03:29:40,3,219.0,3.27,716.75,0.002,31.5,1,22,NORMAL
2026-05-01 03:29:50,3,222.7,0.07,16.19,0.0,25.0,0,OFF,NORMAL
2026-05-01 03:30:00,3,216.8,8.14,1765.78,0.0025,30.9,2,22,ANOMALI
2026-05-01 03:30:10,3,221.2,2.17,480.98,0.0013,25.3,1,26,NORMAL
2026-05-01 03:30:20,3,224.1,1.89,424.38,0.0012,25.8,2,26,NORMAL
2026-05-01 03:30:30,3,224.7,1.5,337.29,0.0009,26.6,3,26,NORMAL
2026-05-01 03:30:40,3,216.4,3.59,776.43,0.0022,31.8,2,22,NORMAL
2026-05-01 03:30:50,3,217.6,4.02,874.17,0.0024,30.6,1,22,NORMAL
2026-05-01 03:31:00,3,219.9,0.07,14.51,0.0,29.1,0,OFF,NORMAL
2026-05-01 03:31:10,3,217.8,0.05,11.26,0.0,29.6,0,OFF,NORMAL
2026-05-01 03:31:20,3,223.7,0.03,5.72,0.0,29.2,0,OFF,NORMAL
2026-05-01 03:31:30,3,224.6,0.08,18.72,0.0001,31.0,0,OFF,NORMAL
2026-05-01 03:31:40,3,220.0,2.81,617.36,0.0017,28.6,1,24,NORMAL
2026-05-01 03:31:50,3,217.7,1.98,430.01,0.0012,24.9,1,26,NORMAL
2026-05-01 03:32:00,3,222.1,1.6,356.43,0.001,26.8,3,26,NORMAL
2026-05-01 03:32:10,3,216.6,3.35,726.13,0.002,30.9,3,22,NORMAL
2026-05-01 03:32:20,3,216.5,3.03,655.36,0.0018,28.9,2,24,NORMAL
2026-05-01 03:32:30,3,218.4,3.42,746.37,0.0021,31.0,1,22,NORMAL
2026-05-01 03:32:40,3,220.3,0.05,11.9,0.0,27.7,0,OFF,NORMAL
2026-05-01 03:32:50,3,215.8,2.18,470.2,0.0013,26.2,2,26,NORMAL
2026-05-01 03:33:00,3,218.0,2.75,599.83,0.0017,29.3,3,24,NORMAL
2026-05-01 03:33:10,3,217.1,1.87,407.03,0.0011,26.1,2,26,NORMAL
2026-05-01 03:33:20,3,220.8,3.52,776.71,0.0022,30.9,3,22,NORMAL
2026-05-01 03:33:30,3,221.7,1.38,306.21,0.0009,24.2,3,26,NORMAL
2026-05-01 03:33:40,3,220.9,2.55,563.77,0.0016,27.0,2,24,NORMAL
2026-05-01 03:33:50,3,219.3,3.11,681.35,0.0019,29.6,1,24,NORMAL
2026-05-01 03:34:00,3,223.5,0.02,5.1,0.0,30.3,0,OFF,NORMAL
2026-05-01 03:34:10,3,221.2,2.8,620.15,0.0017,29.8,3,24,NORMAL
2026-05-01 03:34:20,3,222.5,2.44,543.84,0.0015,29.5,2,24,NORMAL
2026-05-01 03:34:30,3,221.3,1.65,365.3,0.001,25.4,1,26,NORMAL
2026-05-01 03:34:40,3,224.9,2.42,543.42,0.0015,28.0,3,24,NORMAL
2026-05-01 03:34:50,3,224.6,3.08,690.75,0.0019,27.4,2,24,NORMAL
2026-05-01 03:35:00,3,224.1,0.04,8.23,0.0,24.0,0,OFF,NORMAL
2026-05-01 03:35:10,3,224.1,2.43,543.95,0.0015,27.5,2,24,NORMAL
2026-05-01 03:35:20,3,220.7,1.95,429.33,0.0012,24.6,1,26,NORMAL
2026-05-01 03:35:30,3,224.0,0.03,7.51,0.0,25.2,0,OFF,NORMAL
2026-05-01 03:35:40,3,216.0,0.06,12.85,0.0,31.9,0,OFF,NORMAL
2026-05-01 03:35:50,3,223.8,0.04,9.8,0.0,25.1,0,OFF,NORMAL
2026-05-01 03:36:00,3,223.8,0.04,9.64,0.0,28.9,0,OFF,NORMAL
2026-05-01 03:36:10,3,220.1,0.03,7.1,0.0,29.5,0,OFF,NORMAL
2026-05-01 03:36:20,3,215.1,2.11,453.62,0.0013,26.7,1,26,NORMAL
2026-05-01 03:36:30,3,218.6,1.92,419.54,0.0012,25.6,1,26,NORMAL
2026-05-01 03:36:40,3,222.1,3.37,748.87,0.0021,31.7,3,22,NORMAL
2026-05-01 03:36:50,3,218.1,3.67,800.98,0.0022,30.4,2,22,NORMAL
2026-05-01 03:37:00,3,219.6,3.95,868.12,0.0024,31.4,1,22,NORMAL
2026-05-01 03:37:10,3,223.2,0.07,14.78,0.0,31.2,0,OFF,NORMAL
2026-05-01 03:37:20,3,223.6,0.03,6.14,0.0,31.8,0,OFF,NORMAL
2026-05-01 03:37:30,3,220.5,3.09,680.8,0.0019,28.8,2,24,NORMAL
2026-05-01 03:37:40,3,216.7,2.02,438.39,0.0012,25.7,2,26,NORMAL
2026-05-01 03:37:50,3,223.3,0.04,9.52,0.0,26.5,0,OFF,NORMAL
2026-05-01 03:38:00,3,217.2,3.17,689.23,0.0019,28.4,2,24,NORMAL
2026-05-01 03:38:10,3,224.8,3.51,788.91,0.0022,31.1,2,22,NORMAL
2026-05-01 03:38:20,3,217.7,3.4,740.29,0.0021,31.8,2,22,NORMAL
2026-05-01 03:38:30,3,215.7,1.74,375.51,0.001,26.0,1,26,NORMAL
2026-05-01 03:38:40,3,216.2,2.04,441.66,0.0012,25.5,3,26,NORMAL
2026-05-01 03:38:50,3,220.5,2.02,445.03,0.0012,25.7,1,26,NORMAL
2026-05-01 03:39:00,3,220.7,2.17,479.67,0.0013,25.9,2,26,NORMAL
2026-05-01 03:39:10,3,220.4,1.52,334.69,0.0009,25.6,2,26,NORMAL
2026-05-01 03:39:20,3,218.5,3.37,736.83,0.002,31.3,1,22,NORMAL
2026-05-01 03:39:30,3,216.3,2.43,526.13,0.0015,27.9,3,24,NORMAL
2026-05-01 03:39:40,3,224.8,1.47,330.83,0.0009,24.8,2,26,NORMAL
2026-05-01 03:39:50,3,221.1,1.51,334.47,0.0009,25.0,3,26,NORMAL
2026-05-01 03:40:00,3,215.7,1.42,306.73,0.0009,26.3,3,26,NORMAL
2026-05-01 03:40:10,3,220.8,2.92,643.67,0.0018,27.1,3,24,NORMAL
2026-05-01 03:40:20,3,217.2,2.43,527.95,0.0015,27.5,3,24,NORMAL
2026-05-01 03:40:30,3,217.7,0.03,6.56,0.0,28.6,0,OFF,NORMAL
2026-05-01 03:40:40,3,222.8,0.04,9.25,0.0,26.7,0,OFF,NORMAL
2026-05-01 03:40:50,3,222.2,0.06,12.74,0.0,28.6,0,OFF,NORMAL
2026-05-01 03:41:00,3,217.4,2.12,461.35,0.0013,25.3,3,26,NORMAL
2026-05-01 03:41:10,3,221.6,2.02,446.58,0.0012,25.5,1,26,NORMAL
2026-05-01 03:41:20,3,225.0,1.36,305.78,0.0008,26.5,2,26,NORMAL
2026-05-01 03:41:30,3,224.4,2.1,470.45,0.0013,25.8,3,26,NORMAL
2026-05-01 03:41:40,3,219.8,2.56,562.83,0.0016,28.3,3,24,NORMAL
2026-05-01 03:41:50,3,217.6,2.25,489.97,0.0014,24.5,1,26,NORMAL
2026-05-01 03:42:00,3,165.23790501682635,2.22,366.22,0.001,26.4,2,26,ANOMALI
2026-05-01 03:42:10,3,222.9,4.61,1026.68,0.0017,28.7,1,24,ANOMALI
2026-05-01 03:42:20,3,224.2,1.89,423.61,0.0012,25.4,2,26,NORMAL
2026-05-01 03:42:30,3,221.9,0.05,11.44,0.0,27.5,0,OFF,NORMAL
2026-05-01 03:42:40,3,221.3,2.61,578.33,0.0016,28.2,3,24,NORMAL
2026-05-01 03:42:50,3,222.7,3.03,674.23,0.0019,28.5,3,24,NORMAL
2026-05-01 03:43:00,3,222.5,2.83,630.23,0.0018,28.6,2,24,NORMAL
2026-05-01 03:43:10,3,224.1,2.87,642.07,0.0018,27.2,1,24,NORMAL
2026-05-01 03:43:20,3,221.4,3.68,815.41,0.0023,30.7,1,22,NORMAL
2026-05-01 03:43:30,3,222.7,0.05,10.75,0.0,25.0,0,OFF,NORMAL
2026-05-01 03:43:40,3,223.1,1.69,377.92,0.001,26.6,1,26,NORMAL
2026-05-01 03:43:50,3,220.7,1.91,421.31,0.0012,24.9,1,26,NORMAL
2026-05-01 03:44:00,3,219.0,4.24,927.53,0.0026,30.4,2,22,NORMAL
2026-05-01 03:44:10,3,220.0,4.19,921.02,0.0026,30.6,2,22,NORMAL
2026-05-01 03:44:20,3,220.8,4.64,1025.46,0.0015,27.5,2,24,ANOMALI
2026-05-01 03:44:30,3,215.0,4.71,1012.94,0.0009,25.1,3,26,ANOMALI
2026-05-01 03:44:40,3,215.1,4.06,873.24,0.0024,31.6,3,22,NORMAL
2026-05-01 03:44:50,3,215.6,4.24,914.02,0.0025,32.0,2,22,NORMAL
2026-05-01 03:45:00,3,223.7,2.56,572.7,0.0016,27.4,1,24,NORMAL
2026-05-01 03:45:10,3,217.4,2.08,453.02,0.0013,26.5,1,26,NORMAL
2026-05-01 03:45:20,3,215.6,2.76,595.91,0.0017,28.5,1,24,NORMAL
2026-05-01 03:45:30,3,160.97126489884678,0.04,7.18,0.0,31.1,0,OFF,ANOMALI
2026-05-01 03:45:40,3,219.3,0.04,8.26,0.0,30.5,0,OFF,NORMAL
2026-05-01 03:45:50,3,218.2,3.11,677.73,0.0019,28.9,1,24,NORMAL
2026-05-01 03:46:00,3,221.9,2.32,515.91,0.0014,28.4,1,24,NORMAL
2026-05-01 03:46:10,3,221.5,2.58,570.63,0.0016,29.3,3,24,NORMAL
2026-05-01 03:46:20,3,218.1,3.13,682.98,0.0019,28.7,1,24,NORMAL
2026-05-01 03:46:30,3,216.5,1.8,389.84,0.0011,26.9,3,26,NORMAL
2026-05-01 03:46:40,3,215.0,1.57,337.06,0.0009,26.3,3,26,NORMAL
2026-05-01 03:46:50,3,224.3,3.77,846.24,0.0024,31.0,2,22,NORMAL
2026-05-01 03:47:00,3,220.2,1.38,303.32,0.0008,24.2,1,26,NORMAL
2026-05-01 03:47:10,3,221.9,2.0,444.1,0.0012,26.5,3,26,NORMAL
2026-05-01 03:47:20,3,221.7,0.02,5.4,0.0,31.4,0,OFF,NORMAL
2026-05-01 03:47:30,3,216.5,4.28,926.5,0.0026,31.9,1,22,NORMAL
2026-05-01 03:47:40,3,215.1,4.34,932.46,0.0026,30.1,1,22,NORMAL
2026-05-01 03:47:50,3,217.7,0.06,13.37,0.0,26.6,0,OFF,NORMAL
2026-05-01 03:48:00,3,216.5,2.93,634.06,0.0018,27.2,2,24,NORMAL
2026-05-01 03:48:10,3,216.9,0.03,7.19,0.0,26.1,0,OFF,NORMAL
2026-05-01 03:48:20,3,219.8,3.72,818.33,0.0023,30.7,2,22,NORMAL
2026-05-01 03:48:30,3,215.2,0.07,14.11,0.0,29.5,0,OFF,NORMAL
2026-05-01 03:48:40,3,218.7,0.07,15.94,0.0,26.3,0,OFF,NORMAL
2026-05-01 03:48:50,3,219.5,2.37,519.97,0.0014,27.3,1,24,NORMAL
2026-05-01 03:49:00,3,221.6,0.08,17.23,0.0,30.4,0,OFF,NORMAL
2026-05-01 03:49:10,3,219.3,2.51,549.91,0.0015,27.2,1,24,NORMAL
2026-05-01 03:49:20,3,221.9,2.84,629.16,0.0017,27.7,2,24,NORMAL
2026-05-01 03:49:30,3,217.1,0.05,11.72,0.0,29.6,0,OFF,NORMAL
2026-05-01 03:49:40,3,221.8,0.03,7.73,0.0,29.6,0,OFF,NORMAL
2026-05-01 03:49:50,3,222.0,1.86,412.46,0.0011,25.1,3,26,NORMAL
2026-05-01 03:50:00,3,215.3,1.64,353.48,0.001,24.8,1,26,NORMAL
2026-05-01 03:50:10,3,216.8,0.06,13.34,0.0,29.1,0,OFF,NORMAL
2026-05-01 03:50:20,3,217.0,2.12,459.01,0.0013,24.3,3,26,NORMAL
2026-05-01 03:50:30,3,221.8,2.19,484.69,0.0013,24.3,2,26,NORMAL
2026-05-01 03:50:40,3,217.1,2.34,508.58,0.0014,27.7,2,24,NORMAL
2026-05-01 03:50:50,3,216.4,1.6,345.88,0.001,25.5,3,26,NORMAL
2026-05-01 03:51:00,3,222.4,0.07,14.93,0.0,25.5,0,OFF,NORMAL
2026-05-01 03:51:10,3,218.9,0.03,7.58,0.0,26.1,0,OFF,NORMAL
2026-05-01 03:51:20,3,219.7,0.05,11.32,0.0,31.4,0,OFF,NORMAL
2026-05-01 03:51:30,3,221.6,0.05,11.66,0.0,25.4,0,OFF,NORMAL
2026-05-01 03:51:40,3,219.6,1.83,401.7,0.0011,25.3,2,26,NORMAL
2026-05-01 03:51:50,3,215.4,1.92,412.82,0.0011,26.6,2,26,NORMAL
2026-05-01 03:52:00,3,223.6,0.09,19.52,0.0001,24.8,0,OFF,NORMAL
2026-05-01 03:52:10,3,216.5,0.08,16.94,0.0,24.2,0,OFF,NORMAL
2026-05-01 03:52:20,3,217.2,2.53,549.58,0.0015,28.0,2,24,NORMAL
2026-05-01 03:52:30,3,222.9,3.51,782.51,0.0022,30.8,3,22,NORMAL
2026-05-01 03:52:40,3,218.9,3.2,699.89,0.0019,29.3,3,24,NORMAL
2026-05-01 03:52:50,3,222.6,2.78,618.44,0.0017,28.3,2,24,NORMAL
2026-05-01 03:53:00,3,220.7,0.06,13.02,0.0,24.6,0,OFF,NORMAL
2026-05-01 03:53:10,3,223.7,2.19,490.1,0.0014,26.0,3,26,NORMAL
2026-05-01 03:53:20,3,222.1,0.03,5.73,0.0,24.7,0,OFF,NORMAL
2026-05-01 03:53:30,3,215.8,3.38,728.92,0.002,30.5,3,22,NORMAL
2026-05-01 03:53:40,3,222.4,4.21,937.02,0.0026,31.2,1,22,NORMAL
2026-05-01 03:53:50,3,221.2,3.06,676.73,0.0019,28.6,1,24,NORMAL
2026-05-01 03:54:00,3,224.8,2.63,590.63,0.0016,29.8,1,24,NORMAL
2026-05-01 03:54:10,3,219.7,1.58,346.81,0.001,25.1,3,26,NORMAL
2026-05-01 03:54:20,3,216.2,2.67,578.0,0.0016,29.8,1,24,NORMAL
2026-05-01 03:54:30,3,218.0,4.01,873.72,0.0024,31.4,2,22,NORMAL
2026-05-01 03:54:40,3,224.4,2.73,611.65,0.0017,27.7,2,24,NORMAL
2026-05-01 03:54:50,3,225.0,2.17,487.87,0.0014,24.2,1,26,NORMAL
2026-05-01 03:55:00,3,216.6,2.89,626.36,0.0017,29.0,3,24,NORMAL
2026-05-01 03:55:10,3,222.8,0.03,6.69,0.0,24.7,0,OFF,NORMAL
2026-05-01 03:55:20,3,218.4,0.02,5.02,0.0,24.9,0,OFF,NORMAL
2026-05-01 03:55:30,3,217.3,2.76,600.05,0.0017,27.5,2,24,NORMAL
2026-05-01 03:55:40,3,217.0,4.25,923.15,0.0026,30.4,1,22,NORMAL
2026-05-01 03:55:50,3,223.5,1.35,301.27,0.0008,25.9,1,26,NORMAL
2026-05-01 03:56:00,3,215.0,1.46,314.63,0.0009,25.4,3,26,NORMAL
2026-05-01 03:56:10,3,220.9,2.01,444.11,0.0012,24.8,2,26,NORMAL
2026-05-01 03:56:20,3,215.8,0.04,7.94,0.0,27.0,0,OFF,NORMAL
2026-05-01 03:56:30,3,217.8,1.66,361.28,0.001,24.5,3,26,NORMAL
2026-05-01 03:56:40,3,224.5,2.81,629.84,0.0017,29.6,2,24,NORMAL
2026-05-01 03:56:50,3,221.0,2.75,607.63,0.0017,27.6,2,24,NORMAL
2026-05-01 03:57:00,3,220.8,0.05,10.83,0.0,27.2,0,OFF,NORMAL
2026-05-01 03:57:10,3,150.0262028596282,0.11,15.92,0.0,26.8,0,OFF,ANOMALI
2026-05-01 03:57:20,3,223.3,3.24,722.94,0.002,30.4,1,22,NORMAL
2026-05-01 03:57:30,3,217.5,0.07,15.81,0.0,29.5,0,OFF,NORMAL
2026-05-01 03:57:40,3,223.0,3.13,699.08,0.0019,29.3,3,24,NORMAL
2026-05-01 03:57:50,3,222.3,0.08,18.16,0.0001,29.7,0,OFF,NORMAL
2026-05-01 03:58:00,3,224.0,0.08,18.35,0.0001,25.9,0,OFF,NORMAL
2026-05-01 03:58:10,3,224.1,2.44,546.25,0.0015,28.5,3,24,NORMAL
2026-05-01 03:58:20,3,222.1,0.07,14.93,0.0,31.5,0,OFF,NORMAL
2026-05-01 03:58:30,3,219.7,2.78,611.21,0.0017,27.7,1,24,NORMAL
2026-05-01 03:58:40,3,222.7,3.02,672.53,0.0019,28.5,3,24,NORMAL
2026-05-01 03:58:50,3,219.8,3.59,789.88,0.0022,30.7,3,22,NORMAL
2026-05-01 03:59:00,3,216.5,2.24,485.04,0.0013,25.4,2,26,NORMAL
2026-05-01 03:59:10,3,224.3,1.95,437.37,0.0012,25.8,1,26,NORMAL
2026-05-01 03:59:20,3,215.8,1.74,375.97,0.001,24.4,2,26,NORMAL
2026-05-01 03:59:30,3,219.4,1.38,302.35,0.0008,26.2,3,26,NORMAL
2026-05-01 03:59:40,3,217.5,0.04,8.87,0.0,28.0,0,OFF,NORMAL
2026-05-01 03:59:50,3,224.1,3.03,678.48,0.0019,29.1,1,24,NORMAL
2026-05-01 04:00:00,4,223.5,0.05,10.3,0.0,31.9,0,OFF,NORMAL
2026-05-01 04:00:10,4,216.8,3.34,723.04,0.002,30.0,1,22,NORMAL
2026-05-01 04:00:20,4,224.1,0.04,9.46,0.0,31.0,0,OFF,NORMAL
2026-05-01 04:00:30,4,220.6,2.09,461.4,0.0013,25.2,3,26,NORMAL
2026-05-01 04:00:40,4,221.2,0.09,19.91,0.0001,26.4,0,OFF,NORMAL
2026-05-01 04:00:50,4,217.6,2.7,587.05,0.0016,28.1,1,24,NORMAL
2026-05-01 04:01:00,4,219.3,1.81,397.16,0.0011,26.6,2,26,NORMAL
2026-05-01 04:01:10,4,224.4,2.66,597.59,0.0017,28.6,1,24,NORMAL
2026-05-01 04:01:20,4,222.9,3.67,817.38,0.0023,31.8,3,22,NORMAL
2026-05-01 04:01:30,4,223.4,1.54,343.93,0.001,26.6,1,26,NORMAL
2026-05-01 04:01:40,4,222.0,2.18,483.76,0.0013,26.3,2,26,NORMAL
2026-05-01 04:01:50,4,216.4,2.28,493.96,0.0014,24.2,2,26,NORMAL
2026-05-01 04:02:00,4,220.1,1.51,331.5,0.0009,25.9,2,26,NORMAL
2026-05-01 04:02:10,4,224.0,1.42,319.15,0.0009,25.6,2,26,NORMAL
2026-05-01 04:02:20,4,219.4,2.82,619.76,0.0017,29.3,2,24,NORMAL
2026-05-01 04:02:30,4,223.4,3.24,724.02,0.002,30.6,2,22,NORMAL
2026-05-01 04:02:40,4,220.6,1.5,331.28,0.0009,24.7,1,26,NORMAL
2026-05-01 04:02:50,4,220.0,0.08,17.31,0.0,26.2,0,OFF,NORMAL
2026-05-01 04:03:00,4,217.4,1.78,387.8,0.0011,24.5,2,26,NORMAL
2026-05-01 04:03:10,4,223.4,3.13,699.91,0.0019,27.1,3,24,NORMAL
2026-05-01 04:03:20,4,217.4,0.06,13.94,0.0,31.6,0,OFF,NORMAL
2026-05-01 04:03:30,4,217.6,1.93,419.26,0.0012,25.9,2,26,NORMAL
2026-05-01 04:03:40,4,223.7,3.56,796.49,0.0022,30.0,3,22,NORMAL
2026-05-01 04:03:50,4,216.0,1.94,419.94,0.0012,25.7,1,26,NORMAL
2026-05-01 04:04:00,4,221.1,0.09,19.27,0.0001,29.6,0,OFF,NORMAL
2026-05-01 04:04:10,4,223.8,0.06,12.9,0.0,26.6,0,OFF,NORMAL
2026-05-01 04:04:20,4,217.5,1.99,432.0,0.0012,25.3,2,26,NORMAL
2026-05-01 04:04:30,4,220.1,0.06,12.97,0.0,28.6,0,OFF,NORMAL
2026-05-01 04:04:40,4,216.8,2.45,531.28,0.0015,28.3,2,24,NORMAL
2026-05-01 04:04:50,4,221.1,1.62,357.25,0.001,25.0,1,26,NORMAL
2026-05-01 04:05:00,4,223.2,2.3,513.07,0.0014,29.9,2,24,NORMAL
2026-05-01 04:05:10,4,216.1,3.52,761.2,0.0021,31.5,2,22,NORMAL
2026-05-01 04:05:20,4,218.0,0.06,12.72,0.0,29.6,0,OFF,NORMAL
2026-05-01 04:05:30,4,220.9,2.82,622.78,0.0017,28.9,1,24,NORMAL
2026-05-01 04:05:40,4,218.7,2.27,495.56,0.0014,25.9,3,26,NORMAL
2026-05-01 04:05:50,4,216.4,0.03,5.8,0.0,28.3,0,OFF,NORMAL
2026-05-01 04:06:00,4,220.3,3.85,847.5,0.0024,30.6,3,22,NORMAL
2026-05-01 04:06:10,4,220.4,2.47,544.97,0.0015,28.5,1,24,NORMAL
2026-05-01 04:06:20,4,221.1,1.91,422.6,0.0012,25.4,3,26,NORMAL
2026-05-01 04:06:30,4,221.3,2.31,511.31,0.0014,29.0,3,24,NORMAL
2026-05-01 04:06:40,4,218.3,1.44,314.72,0.0009,25.5,2,26,NORMAL
2026-05-01 04:06:50,4,222.0,1.55,343.85,0.001,24.8,3,26,NORMAL
2026-05-01 04:07:00,4,222.5,2.78,618.53,0.0017,29.5,2,24,NORMAL
2026-05-01 04:07:10,4,216.8,5.64,1222.36,0.0024,31.1,2,22,ANOMALI
2026-05-01 04:07:20,4,215.9,2.58,558.04,0.0016,28.1,2,24,NORMAL
2026-05-01 04:07:30,4,219.5,0.04,8.75,0.0,25.2,0,OFF,NORMAL
2026-05-01 04:07:40,4,223.7,2.73,611.74,0.0017,27.1,3,24,NORMAL
2026-05-01 04:07:50,4,216.5,2.28,494.57,0.0014,26.4,2,26,NORMAL
2026-05-01 04:08:00,4,222.5,2.87,639.14,0.0018,29.6,1,24,NORMAL
2026-05-01 04:08:10,4,215.5,3.19,687.81,0.0019,28.1,2,24,NORMAL
2026-05-01 04:08:20,4,223.5,3.08,688.15,0.0019,27.2,2,24,NORMAL
2026-05-01 04:08:30,4,221.8,3.16,701.07,0.0019,30.8,3,22,NORMAL
2026-05-01 04:08:40,4,223.8,3.26,730.69,0.002,31.8,2,22,NORMAL
2026-05-01 04:08:50,4,216.3,1.86,403.12,0.0011,26.9,2,26,NORMAL
2026-05-01 04:09:00,4,217.5,3.87,842.51,0.0023,30.3,1,22,NORMAL
2026-05-01 04:09:10,4,217.4,0.06,12.78,0.0,29.5,0,OFF,NORMAL
2026-05-01 04:09:20,4,224.9,2.27,509.86,0.0014,27.7,3,24,NORMAL
2026-05-01 04:09:30,4,221.3,2.79,617.14,0.0017,28.4,2,24,NORMAL
2026-05-01 04:09:40,4,224.0,1.94,434.74,0.0012,25.4,3,26,NORMAL
2026-05-01 04:09:50,4,222.9,2.32,517.68,0.0014,28.0,3,24,NORMAL
2026-05-01 04:10:00,4,218.3,0.03,5.85,0.0,29.7,0,OFF,NORMAL
2026-05-01 04:10:10,4,216.3,0.08,16.79,0.0,25.5,0,OFF,NORMAL
2026-05-01 04:10:20,4,215.3,2.63,565.89,0.0016,27.3,1,24,NORMAL
2026-05-01 04:10:30,4,220.5,1.69,372.81,0.001,24.7,3,26,NORMAL
2026-05-01 04:10:40,4,216.3,2.64,572.05,0.0016,29.1,3,24,NORMAL
2026-05-01 04:10:50,4,217.6,0.05,11.19,0.0,30.3,0,OFF,NORMAL
2026-05-01 04:11:00,4,222.6,3.66,814.14,0.0023,31.5,2,22,NORMAL
2026-05-01 04:11:10,4,218.1,3.95,860.43,0.0024,31.0,3,22,NORMAL
2026-05-01 04:11:20,4,224.6,2.22,498.75,0.0014,26.9,1,26,NORMAL
2026-05-01 04:11:30,4,215.2,3.33,716.2,0.002,30.1,2,22,NORMAL
2026-05-01 04:11:40,4,223.8,0.07,16.57,0.0,31.5,0,OFF,NORMAL
2026-05-01 04:11:50,4,215.2,0.05,9.86,0.0,31.3,0,OFF,NORMAL
2026-05-01 04:12:00,4,218.7,2.12,463.72,0.0013,25.9,1,26,NORMAL
2026-05-01 04:12:10,4,222.9,1.82,406.29,0.0011,26.5,2,26,NORMAL
2026-05-01 04:12:20,4,224.7,3.52,791.5,0.0022,30.9,1,22,NORMAL
2026-05-01 04:12:30,4,221.0,3.73,823.48,0.0023,31.2,2,22,NORMAL
2026-05-01 04:12:40,4,219.2,0.07,15.83,0.0,30.8,0,OFF,NORMAL
2026-05-01 04:12:50,4,215.8,2.05,442.31,0.0012,26.6,2,26,NORMAL
2026-05-01 04:13:00,4,215.3,2.19,472.27,0.0013,25.3,3,26,NORMAL
2026-05-01 04:13:10,4,216.0,2.1,454.16,0.0013,26.3,1,26,NORMAL
2026-05-01 04:13:20,4,221.0,3.51,774.98,0.0022,30.5,1,22,NORMAL
2026-05-01 04:13:30,4,215.6,3.67,790.58,0.0022,31.6,2,22,NORMAL
2026-05-01 04:13:40,4,216.9,2.28,494.91,0.0014,26.7,3,26,NORMAL
2026-05-01 04:13:50,4,218.2,3.87,845.23,0.0023,31.3,1,22,NORMAL
2026-05-01 04:14:00,4,220.7,3.86,850.96,0.0009,25.2,0,26,ANOMALI
2026-05-01 04:14:10,4,217.9,1.56,339.48,0.0009,26.9,3,26,NORMAL
2026-05-01 04:14:20,4,217.8,2.16,471.29,0.0013,25.0,1,26,NORMAL
2026-05-01 04:14:30,4,223.1,0.03,5.85,0.0,28.6,0,OFF,NORMAL
2026-05-01 04:14:40,4,216.7,2.99,647.88,0.0018,28.7,2,24,NORMAL
2026-05-01 04:14:50,4,224.3,2.53,567.16,0.0016,29.8,1,24,NORMAL
2026-05-01 04:15:00,4,215.9,2.62,566.43,0.0016,27.4,3,24,NORMAL
2026-05-01 04:15:10,4,223.8,2.21,494.48,0.0014,24.1,2,26,NORMAL
2026-05-01 04:15:20,4,223.9,2.22,497.56,0.0014,25.3,1,26,NORMAL
2026-05-01 04:15:30,4,223.2,2.27,507.04,0.0014,28.1,3,24,NORMAL
2026-05-01 04:15:40,4,223.0,3.03,675.93,0.0019,28.7,3,24,NORMAL
2026-05-01 04:15:50,4,223.4,2.21,492.76,0.0014,25.5,2,26,NORMAL
2026-05-01 04:16:00,4,220.2,0.06,12.66,0.0,24.4,0,OFF,NORMAL
2026-05-01 04:16:10,4,222.8,1.47,328.43,0.0009,26.9,2,26,NORMAL
2026-05-01 04:16:20,4,217.2,0.09,19.68,0.0001,30.7,0,OFF,NORMAL
2026-05-01 04:16:30,4,219.6,0.07,15.26,0.0,29.3,0,OFF,NORMAL
2026-05-01 04:16:40,4,220.3,2.83,624.21,0.0017,27.2,2,24,NORMAL
2026-05-01 04:16:50,4,221.1,2.41,532.84,0.0015,28.0,2,24,NORMAL
2026-05-01 04:17:00,4,223.6,1.68,374.91,0.001,24.2,2,26,NORMAL
2026-05-01 04:17:10,4,215.9,2.39,516.07,0.0014,27.0,1,24,NORMAL
2026-05-01 04:17:20,4,215.6,0.07,14.2,0.0,26.6,0,OFF,NORMAL
2026-05-01 04:17:30,4,219.2,3.27,717.34,0.002,31.0,2,22,NORMAL
2026-05-01 04:17:40,4,219.8,2.77,609.37,0.0017,27.8,2,24,NORMAL
2026-05-01 04:17:50,4,221.1,1.5,330.6,0.0009,25.4,3,26,NORMAL
2026-05-01 04:18:00,4,223.7,2.6,581.55,0.0016,27.1,2,24,NORMAL
2026-05-01 04:18:10,4,221.8,4.2,932.64,0.0026,31.2,1,22,NORMAL
2026-05-01 04:18:20,4,217.8,3.05,663.88,0.0018,29.4,2,24,NORMAL
2026-05-01 04:18:30,4,217.5,3.53,767.46,0.0021,30.4,3,22,NORMAL
2026-05-01 04:18:40,4,216.7,0.07,16.08,0.0,30.4,0,OFF,NORMAL
2026-05-01 04:18:50,4,224.3,2.59,580.08,0.0016,27.1,3,24,NORMAL
2026-05-01 04:19:00,4,223.9,2.99,670.26,0.0019,27.5,2,24,NORMAL
2026-05-01 04:19:10,4,217.4,0.04,9.41,0.0,30.5,0,OFF,NORMAL
2026-05-01 04:19:20,4,217.9,2.09,455.68,0.0013,25.9,3,26,NORMAL
2026-05-01 04:19:30,4,217.6,5.07,1102.27,0.0011,26.1,0,26,ANOMALI
2026-05-01 04:19:40,4,219.7,3.86,847.64,0.0024,31.9,2,22,NORMAL
2026-05-01 04:19:50,4,217.9,2.26,492.17,0.0014,24.2,3,26,NORMAL
2026-05-01 04:20:00,4,220.7,2.4,530.63,0.0015,29.1,3,24,NORMAL
2026-05-01 04:20:10,4,223.4,3.42,764.22,0.0021,31.2,2,22,NORMAL
2026-05-01 04:20:20,4,217.5,0.05,11.66,0.0,26.9,0,OFF,NORMAL
2026-05-01 04:20:30,4,219.3,0.06,13.38,0.0,24.2,0,OFF,NORMAL
2026-05-01 04:20:40,4,219.5,0.03,5.55,0.0,29.5,0,OFF,NORMAL
2026-05-01 04:20:50,4,221.8,2.04,452.53,0.0013,24.1,1,26,NORMAL
2026-05-01 04:21:00,4,220.4,3.88,854.35,0.0024,30.7,3,22,NORMAL
2026-05-01 04:21:10,4,222.1,2.42,536.95,0.0015,29.5,2,24,NORMAL
2026-05-01 04:21:20,4,224.6,2.59,580.64,0.0016,28.9,2,24,NORMAL
2026-05-01 04:21:30,4,222.4,0.04,9.87,0.0,26.1,0,OFF,NORMAL
2026-05-01 04:21:40,4,221.8,2.02,447.55,0.0012,26.5,2,26,NORMAL
2026-05-01 04:21:50,4,220.6,0.08,18.03,0.0001,26.1,0,OFF,NORMAL
2026-05-01 04:22:00,4,216.9,1.55,336.08,0.0009,26.6,3,26,NORMAL
2026-05-01 04:22:10,4,224.0,3.46,775.78,0.0022,30.3,3,22,NORMAL
2026-05-01 04:22:20,4,219.0,2.96,649.26,0.0018,28.1,2,24,NORMAL
2026-05-01 04:22:30,4,219.8,2.12,465.48,0.0013,26.1,1,26,NORMAL
2026-05-01 04:22:40,4,224.4,2.12,475.37,0.0013,25.8,3,26,NORMAL
2026-05-01 04:22:50,4,224.3,1.59,357.59,0.001,24.2,1,26,NORMAL
2026-05-01 04:23:00,4,219.0,3.85,844.22,0.0023,30.4,2,22,NORMAL
2026-05-01 04:23:10,4,223.1,2.22,494.79,0.0014,24.6,2,26,NORMAL
2026-05-01 04:23:20,4,224.4,1.53,342.46,0.001,26.7,3,26,NORMAL
2026-05-01 04:23:30,4,217.9,2.2,478.61,0.0013,24.3,3,26,NORMAL
2026-05-01 04:23:40,4,218.5,2.22,484.4,0.0013,24.0,1,26,NORMAL
2026-05-01 04:23:50,4,219.6,2.29,502.16,0.0014,28.2,3,24,NORMAL
2026-05-01 04:24:00,4,218.8,3.21,701.93,0.0019,31.6,2,22,NORMAL
2026-05-01 04:24:10,4,216.6,3.32,718.47,0.002,30.6,2,22,NORMAL
2026-05-01 04:24:20,4,216.1,3.21,692.7,0.0019,28.8,2,24,NORMAL
2026-05-01 04:24:30,4,218.8,4.26,931.09,0.0026,31.8,1,22,NORMAL
2026-05-01 04:24:40,4,223.5,2.77,619.49,0.0017,27.4,1,24,NORMAL
2026-05-01 04:24:50,4,221.6,0.06,12.55,0.0,25.0,0,OFF,NORMAL
2026-05-01 04:25:00,4,220.0,2.02,445.32,0.0012,24.6,3,26,NORMAL
2026-05-01 04:25:10,4,223.5,2.68,598.98,0.0017,28.7,3,24,NORMAL
2026-05-01 04:25:20,4,215.7,3.74,807.67,0.0022,30.7,1,22,NORMAL
2026-05-01 04:25:30,4,215.0,3.53,759.13,0.0021,30.8,1,22,NORMAL
2026-05-01 04:25:40,4,222.2,2.67,592.54,0.0016,28.2,3,24,NORMAL
2026-05-01 04:25:50,4,220.2,2.7,593.74,0.0016,27.1,1,24,NORMAL
2026-05-01 04:26:00,4,222.2,1.35,300.96,0.0008,25.4,3,26,NORMAL
2026-05-01 04:26:10,4,221.3,3.27,723.04,0.002,30.4,3,22,NORMAL
2026-05-01 04:26:20,4,224.2,1.75,392.89,0.0011,25.9,2,26,NORMAL
2026-05-01 04:26:30,4,218.0,0.06,12.1,0.0,25.3,0,OFF,NORMAL
2026-05-01 04:26:40,4,217.9,2.56,558.66,0.0016,29.3,3,24,NORMAL
2026-05-01 04:26:50,4,217.6,2.83,615.81,0.0017,29.9,3,24,NORMAL
2026-05-01 04:27:00,4,224.3,2.73,612.16,0.0017,29.9,1,24,NORMAL
2026-05-01 04:27:10,4,223.0,3.5,781.56,0.0022,30.0,2,22,NORMAL
2026-05-01 04:27:20,4,217.0,0.08,16.68,0.0,27.1,0,OFF,NORMAL
2026-05-01 04:27:30,4,222.2,3.49,774.91,0.0022,31.5,1,22,NORMAL
2026-05-01 04:27:40,4,217.3,2.02,439.95,0.0012,24.9,3,26,NORMAL
2026-05-01 04:27:50,4,218.8,0.02,5.05,0.0,25.3,0,OFF,NORMAL
2026-05-01 04:28:00,4,217.3,0.02,5.37,0.0,31.1,0,OFF,NORMAL
2026-05-01 04:28:10,4,219.4,2.61,573.54,0.0016,28.2,3,24,NORMAL
2026-05-01 04:28:20,4,223.0,0.06,14.44,0.0,29.4,0,OFF,NORMAL
2026-05-01 04:28:30,4,219.5,3.58,784.72,0.0022,30.0,3,22,NORMAL
2026-05-01 04:28:40,4,221.2,0.02,5.18,0.0,25.1,0,OFF,NORMAL
2026-05-01 04:28:50,4,223.4,1.88,420.8,0.0012,24.6,1,26,NORMAL
2026-05-01 04:29:00,4,218.7,1.66,362.57,0.001,25.9,1,26,NORMAL
2026-05-01 04:29:10,4,221.3,2.01,445.39,0.0012,25.4,1,26,NORMAL
2026-05-01 04:29:20,4,216.0,4.19,905.77,0.0025,30.8,2,22,NORMAL
2026-05-01 04:29:30,4,223.8,2.33,522.28,0.0015,28.8,1,24,NORMAL
2026-05-01 04:29:40,4,223.9,2.58,577.08,0.0016,27.1,2,24,NORMAL
2026-05-01 04:29:50,4,218.1,1.77,386.87,0.0011,25.6,1,26,NORMAL
2026-05-01 04:30:00,4,220.5,2.9,638.45,0.0018,28.7,1,24,NORMAL
2026-05-01 04:30:10,4,222.4,0.06,13.59,0.0,27.2,0,OFF,NORMAL
2026-05-01 04:30:20,4,217.0,1.52,329.4,0.0009,26.8,3,26,NORMAL
2026-05-01 04:30:30,4,221.6,3.06,677.95,0.0019,27.9,3,24,NORMAL
2026-05-01 04:30:40,4,223.3,1.53,342.67,0.001,24.1,2,26,NORMAL
2026-05-01 04:30:50,4,216.8,2.81,609.35,0.0017,28.0,2,24,NORMAL
2026-05-01 04:31:00,4,223.0,0.07,16.03,0.0,26.8,0,OFF,NORMAL
2026-05-01 04:31:10,4,223.5,3.7,826.84,0.0023,30.7,3,22,NORMAL
2026-05-01 04:31:20,4,218.4,0.02,5.22,0.0,24.4,0,OFF,NORMAL
2026-05-01 04:31:30,4,215.7,1.55,333.72,0.0009,26.1,2,26,NORMAL
2026-05-01 04:31:40,4,221.0,3.77,832.07,0.0023,31.1,1,22,NORMAL
2026-05-01 04:31:50,4,216.0,1.83,395.99,0.0011,26.5,2,26,NORMAL
2026-05-01 04:32:00,4,224.5,3.42,768.83,0.0021,30.8,1,22,NORMAL
2026-05-01 04:32:10,4,153.78173050715392,5.49,844.71,0.0023,30.3,2,22,ANOMALI
2026-05-01 04:32:20,4,218.7,1.66,363.57,0.001,25.1,3,26,NORMAL
2026-05-01 04:32:30,4,219.9,2.54,559.58,0.0016,27.5,2,24,NORMAL
2026-05-01 04:32:40,4,217.5,3.21,697.72,0.0019,28.7,2,24,NORMAL
2026-05-01 04:32:50,4,220.6,3.17,699.8,0.0019,29.4,1,24,NORMAL
2026-05-01 04:33:00,4,216.6,1.95,421.8,0.0012,26.0,2,26,NORMAL
2026-05-01 04:33:10,4,218.0,1.63,355.65,0.001,24.7,3,26,NORMAL
2026-05-01 04:33:20,4,222.1,0.05,10.1,0.0,27.3,0,OFF,NORMAL
2026-05-01 04:33:30,4,224.9,3.74,840.64,0.0023,31.5,2,22,NORMAL
2026-05-01 04:33:40,4,222.0,0.05,11.78,0.0,28.9,0,OFF,NORMAL
2026-05-01 04:33:50,4,223.7,2.62,586.44,0.0016,28.5,2,24,NORMAL
2026-05-01 04:34:00,4,219.7,4.2,923.22,0.0026,31.9,2,22,NORMAL
2026-05-01 04:34:10,4,220.7,3.36,741.47,0.0021,30.6,2,22,NORMAL
2026-05-01 04:34:20,4,225.0,4.01,901.8,0.0025,31.4,1,22,NORMAL
2026-05-01 04:34:30,4,223.6,1.67,373.32,0.001,24.0,3,26,NORMAL
2026-05-01 04:34:40,4,223.5,0.03,6.74,0.0,30.8,0,OFF,NORMAL
2026-05-01 04:34:50,4,217.1,2.23,484.73,0.0013,25.2,3,26,NORMAL
2026-05-01 04:35:00,4,219.0,2.75,601.25,0.0017,27.8,2,24,NORMAL
2026-05-01 04:35:10,4,220.8,7.42,1638.89,0.0015,27.5,1,24,ANOMALI
2026-05-01 04:35:20,4,224.2,2.58,578.84,0.0016,29.0,1,24,NORMAL
2026-05-01 04:35:30,4,215.5,0.08,17.83,0.0,27.7,0,OFF,NORMAL
2026-05-01 04:35:40,4,217.4,1.46,317.11,0.0009,25.1,3,26,NORMAL
2026-05-01 04:35:50,4,215.6,0.07,16.1,0.0,25.2,0,OFF,NORMAL
2026-05-01 04:36:00,4,218.4,0.03,7.32,0.0,30.7,0,OFF,NORMAL
2026-05-01 04:36:10,4,224.6,2.89,649.52,0.0018,29.0,3,24,NORMAL
2026-05-01 04:36:20,4,223.4,2.39,533.53,0.0015,29.7,1,24,NORMAL
2026-05-01 04:36:30,4,217.5,0.08,16.69,0.0,30.5,0,OFF,NORMAL
2026-05-01 04:36:40,4,219.3,0.09,19.55,0.0001,28.1,0,OFF,NORMAL
2026-05-01 04:36:50,4,216.3,2.18,472.6,0.0013,25.0,2,26,NORMAL
2026-05-01 04:37:00,4,220.0,4.14,911.12,0.0025,30.2,3,22,NORMAL
2026-05-01 04:37:10,4,219.2,0.04,8.46,0.0,27.3,0,OFF,NORMAL
2026-05-01 04:37:20,4,223.8,1.37,305.59,0.0008,25.8,2,26,NORMAL
2026-05-01 04:37:30,4,216.2,2.42,522.36,0.0015,29.7,2,24,NORMAL
2026-05-01 04:37:40,4,221.2,0.05,10.94,0.0,26.1,0,OFF,NORMAL
2026-05-01 04:37:50,4,224.7,2.23,502.15,0.0014,27.4,3,24,NORMAL
2026-05-01 04:38:00,4,219.0,2.87,628.22,0.0017,28.5,2,24,NORMAL
2026-05-01 04:38:10,4,224.3,2.89,647.29,0.0018,27.8,2,24,NORMAL
2026-05-01 04:38:20,4,220.0,2.72,599.49,0.0017,29.0,1,24,NORMAL
2026-05-01 04:38:30,4,219.0,1.68,368.01,0.001,26.6,2,26,NORMAL
2026-05-01 04:38:40,4,223.2,2.37,530.05,0.0015,27.4,2,24,NORMAL
2026-05-01 04:38:50,4,216.3,1.58,342.04,0.001,25.2,2,26,NORMAL
2026-05-01 04:39:00,4,215.2,2.21,476.01,0.0013,26.5,1,26,NORMAL
2026-05-01 04:39:10,4,219.7,2.06,452.35,0.0013,25.2,3,26,NORMAL
2026-05-01 04:39:20,4,222.6,2.1,468.28,0.0013,26.4,3,26,NORMAL
2026-05-01 04:39:30,4,222.4,3.02,672.37,0.0019,28.5,2,24,NORMAL
2026-05-01 04:39:40,4,221.9,0.08,18.75,0.0001,31.1,0,OFF,NORMAL
2026-05-01 04:39:50,4,220.1,2.96,650.83,0.0018,28.4,1,24,NORMAL
2026-05-01 04:40:00,4,215.8,4.02,868.08,0.0024,31.6,2,22,NORMAL
2026-05-01 04:40:10,4,217.3,1.78,387.27,0.0011,25.3,1,26,NORMAL
2026-05-01 04:40:20,4,222.2,3.59,797.2,0.0022,30.9,1,22,NORMAL
2026-05-01 04:40:30,4,218.8,2.07,451.91,0.0013,25.9,3,26,NORMAL
2026-05-01 04:40:40,4,224.3,1.38,309.48,0.0009,26.0,3,26,NORMAL
2026-05-01 04:40:50,4,220.3,2.57,566.9,0.0016,28.9,3,24,NORMAL
2026-05-01 04:41:00,4,222.5,0.08,18.56,0.0001,24.9,0,OFF,NORMAL
2026-05-01 04:41:10,4,223.6,3.75,838.04,0.0023,31.3,3,22,NORMAL
2026-05-01 04:41:20,4,221.7,6.68,1481.59,0.0012,25.5,2,26,ANOMALI
2026-05-01 04:41:30,4,220.1,2.19,482.61,0.0013,26.2,1,26,NORMAL
2026-05-01 04:41:40,4,224.3,0.05,11.37,0.0,29.3,0,OFF,NORMAL
2026-05-01 04:41:50,4,224.7,1.81,406.45,0.0011,26.1,3,26,NORMAL
2026-05-01 04:42:00,4,224.6,1.47,329.47,0.0009,26.7,2,26,NORMAL
2026-05-01 04:42:10,4,216.4,1.79,387.79,0.0011,25.7,3,26,NORMAL
2026-05-01 04:42:20,4,220.3,3.9,859.17,0.0024,30.5,2,22,NORMAL
2026-05-01 04:42:30,4,222.6,3.59,798.12,0.0022,31.8,1,22,NORMAL
2026-05-01 04:42:40,4,225.0,2.7,606.78,0.0017,29.9,1,24,NORMAL
2026-05-01 04:42:50,4,223.8,2.6,582.34,0.0016,29.3,1,24,NORMAL
2026-05-01 04:43:00,4,219.3,3.4,746.49,0.0021,30.6,3,22,NORMAL
2026-05-01 04:43:10,4,215.5,0.07,15.81,0.0,24.9,0,OFF,NORMAL
2026-05-01 04:43:20,4,223.9,4.2,939.32,0.0026,30.3,1,22,NORMAL
2026-05-01 04:43:30,4,220.0,1.37,301.53,0.0008,26.2,2,26,NORMAL
2026-05-01 04:43:40,4,224.2,3.86,865.02,0.0024,30.7,3,22,NORMAL
2026-05-01 04:43:50,4,221.2,3.03,670.0,0.0019,29.1,3,24,NORMAL
2026-05-01 04:44:00,4,223.1,2.48,553.45,0.0015,28.7,1,24,NORMAL
2026-05-01 04:44:10,4,220.4,2.94,648.83,0.0018,27.9,1,24,NORMAL
2026-05-01 04:44:20,4,219.8,2.86,628.46,0.0017,27.4,2,24,NORMAL
2026-05-01 04:44:30,4,218.1,0.08,18.32,0.0001,25.0,0,OFF,NORMAL
2026-05-01 04:44:40,4,223.4,0.06,12.88,0.0,28.5,0,OFF,NORMAL
2026-05-01 04:44:50,4,219.7,2.02,444.52,0.0012,26.9,2,26,NORMAL
2026-05-01 04:45:00,4,222.2,2.96,657.08,0.0018,28.1,2,24,NORMAL
2026-05-01 04:45:10,4,221.8,3.35,742.85,0.0021,30.3,1,22,NORMAL
2026-05-01 04:45:20,4,222.6,3.25,724.29,0.002,30.4,2,22,NORMAL
2026-05-01 04:45:30,4,217.5,2.03,441.31,0.0012,25.1,3,26,NORMAL
2026-05-01 04:45:40,4,223.5,0.07,14.72,0.0,28.6,0,OFF,NORMAL
2026-05-01 04:45:50,4,220.9,3.08,681.34,0.0019,29.4,1,24,NORMAL
2026-05-01 04:46:00,4,215.2,1.55,334.02,0.0009,26.5,1,26,NORMAL
2026-05-01 04:46:10,4,218.3,0.06,14.17,0.0,26.0,0,OFF,NORMAL
2026-05-01 04:46:20,4,216.0,5.86,1265.71,0.0011,26.7,1,26,ANOMALI
2026-05-01 04:46:30,4,220.8,0.05,11.68,0.0,27.0,0,OFF,NORMAL
2026-05-01 04:46:40,4,218.4,1.78,389.45,0.0011,25.3,2,26,NORMAL
2026-05-01 04:46:50,4,216.6,3.22,698.36,0.0019,27.6,2,24,NORMAL
2026-05-01 04:47:00,4,216.9,3.9,845.97,0.0023,31.6,2,22,NORMAL
2026-05-01 04:47:10,4,223.7,7.13,1595.52,0.0025,31.1,1,22,ANOMALI
2026-05-01 04:47:20,4,223.0,3.09,689.52,0.0019,27.5,2,24,NORMAL
2026-05-01 04:47:30,4,221.4,0.07,15.45,0.0,28.8,0,OFF,NORMAL
2026-05-01 04:47:40,4,220.5,7.08,1560.12,0.0024,32.0,2,22,ANOMALI
2026-05-01 04:47:50,4,218.8,3.87,847.11,0.0024,31.7,1,22,NORMAL
2026-05-01 04:48:00,4,215.9,4.25,918.65,0.0026,30.3,3,22,NORMAL
2026-05-01 04:48:10,4,221.1,3.13,692.88,0.0019,27.3,1,24,NORMAL
2026-05-01 04:48:20,4,223.7,0.03,6.28,0.0,30.4,0,OFF,NORMAL
2026-05-01 04:48:30,4,217.9,2.73,594.06,0.0017,28.8,1,24,NORMAL
2026-05-01 04:48:40,4,223.8,2.27,508.57,0.0014,29.1,3,24,NORMAL
2026-05-01 04:48:50,4,220.4,2.46,542.55,0.0015,29.1,1,24,NORMAL
2026-05-01 04:49:00,4,215.9,2.26,487.16,0.0014,24.0,1,26,NORMAL
2026-05-01 04:49:10,4,215.9,2.56,553.26,0.0015,27.1,2,24,NORMAL
2026-05-01 04:49:20,4,216.9,1.49,323.96,0.0009,26.6,1,26,NORMAL
2026-05-01 04:49:30,4,215.0,1.96,422.41,0.0012,25.4,2,26,NORMAL
2026-05-01 04:49:40,4,220.1,3.72,819.24,0.0023,30.9,2,22,NORMAL
2026-05-01 04:49:50,4,219.7,3.47,763.09,0.0021,30.9,2,22,NORMAL
2026-05-01 04:50:00,4,224.1,3.77,844.89,0.0023,30.6,1,22,NORMAL
2026-05-01 04:50:10,4,223.8,7.15,1599.72,0.0011,24.4,2,26,ANOMALI
2026-05-01 04:50:20,4,217.7,2.57,559.48,0.0016,29.7,1,24,NORMAL
2026-05-01 04:50:30,4,220.6,0.09,19.05,0.0001,24.5,0,OFF,NORMAL
2026-05-01 04:50:40,4,223.0,0.03,6.75,0.0,29.9,0,OFF,NORMAL
2026-05-01 04:50:50,4,218.6,2.69,588.04,0.0016,29.1,1,24,NORMAL
2026-05-01 04:51:00,4,221.4,1.42,313.62,0.0009,25.5,1,26,NORMAL
2026-05-01 04:51:10,4,220.1,0.08,17.24,0.0,31.5,0,OFF,NORMAL
2026-05-01 04:51:20,4,221.0,1.77,390.5,0.0011,26.4,3,26,NORMAL
2026-05-01 04:51:30,4,225.0,1.59,357.83,0.001,26.5,3,26,NORMAL
2026-05-01 04:51:40,4,224.5,1.85,415.35,0.0012,24.1,3,26,NORMAL
2026-05-01 04:51:50,4,216.7,1.54,334.07,0.0009,25.1,2,26,NORMAL
2026-05-01 04:52:00,4,222.7,4.43,986.17,0.0023,31.1,0,22,ANOMALI
2026-05-01 04:52:10,4,215.4,1.74,374.14,0.001,26.2,3,26,NORMAL
2026-05-01 04:52:20,4,217.0,2.98,647.67,0.0018,27.7,3,24,NORMAL
2026-05-01 04:52:30,4,222.4,0.08,16.76,0.0,27.3,0,OFF,NORMAL
2026-05-01 04:52:40,4,218.9,2.37,519.31,0.0014,28.2,2,24,NORMAL
2026-05-01 04:52:50,4,220.1,0.07,15.29,0.0,31.2,0,OFF,NORMAL
2026-05-01 04:53:00,4,215.4,2.45,527.61,0.0015,27.5,2,24,NORMAL
2026-05-01 04:53:10,4,218.8,3.4,744.26,0.0021,30.1,3,22,NORMAL
2026-05-01 04:53:20,4,215.3,2.24,481.21,0.0013,24.8,1,26,NORMAL
2026-05-01 04:53:30,4,222.7,0.02,5.09,0.0,26.2,0,OFF,NORMAL
2026-05-01 04:53:40,4,223.0,0.05,11.77,0.0,26.0,0,OFF,NORMAL
2026-05-01 04:53:50,4,220.2,2.18,479.02,0.0013,25.6,1,26,NORMAL
2026-05-01 04:54:00,4,215.9,0.08,17.68,0.0,30.2,0,OFF,NORMAL
2026-05-01 04:54:10,4,223.0,1.83,408.35,0.0011,24.1,2,26,NORMAL
2026-05-01 04:54:20,4,221.5,2.93,648.34,0.0018,29.2,1,24,NORMAL
2026-05-01 04:54:30,4,218.6,1.45,316.82,0.0009,26.9,3,26,NORMAL
2026-05-01 04:54:40,4,217.4,1.46,318.22,0.0009,26.0,2,26,NORMAL
2026-05-01 04:54:50,4,223.2,3.76,838.53,0.0023,31.3,3,22,NORMAL
2026-05-01 04:55:00,4,223.0,1.5,334.35,0.0009,25.7,1,26,NORMAL
2026-05-01 04:55:10,4,219.9,2.6,571.8,0.0016,27.7,3,24,NORMAL
2026-05-01 04:55:20,4,218.4,0.07,15.41,0.0,30.6,0,OFF,NORMAL
2026-05-01 04:55:30,4,221.0,3.08,679.99,0.0019,27.2,2,24,NORMAL
2026-05-01 04:55:40,4,217.9,3.54,772.31,0.0021,31.0,3,22,NORMAL
2026-05-01 04:55:50,4,221.7,2.44,541.42,0.0015,27.5,3,24,NORMAL
2026-05-01 04:56:00,4,217.1,2.98,647.99,0.0018,29.6,3,24,NORMAL
2026-05-01 04:56:10,4,223.9,1.79,401.06,0.0011,25.0,3,26,NORMAL
2026-05-01 04:56:20,4,222.0,2.73,605.44,0.0017,28.2,1,24,NORMAL
2026-05-01 04:56:30,4,217.6,3.39,738.65,0.0021,31.4,1,22,NORMAL
2026-05-01 04:56:40,4,221.0,0.03,6.38,0.0,26.5,0,OFF,NORMAL
2026-05-01 04:56:50,4,219.1,0.04,9.01,0.0,27.1,0,OFF,NORMAL
2026-05-01 04:57:00,4,220.3,2.05,451.9,0.0013,24.0,1,26,NORMAL
2026-05-01 04:57:10,4,216.3,0.06,12.06,0.0,29.4,0,OFF,NORMAL
2026-05-01 04:57:20,4,219.8,3.08,678.03,0.0019,27.2,2,24,NORMAL
2026-05-01 04:57:30,4,224.6,3.81,855.0,0.0024,30.0,2,22,NORMAL
2026-05-01 04:57:40,4,218.0,2.53,551.3,0.0015,28.0,3,24,NORMAL
2026-05-01 04:57:50,4,215.9,2.88,621.61,0.0017,29.6,3,24,NORMAL
2026-05-01 04:58:00,4,222.7,0.06,13.57,0.0,27.3,0,OFF,NORMAL
2026-05-01 04:58:10,4,216.7,0.09,18.79,0.0001,31.3,0,OFF,NORMAL
2026-05-01 04:58:20,4,224.9,0.06,13.28,0.0,28.3,0,OFF,NORMAL
2026-05-01 04:58:30,4,219.6,3.51,769.83,0.0021,31.9,2,22,NORMAL
2026-05-01 04:58:40,4,222.2,2.85,633.65,0.0018,27.9,1,24,NORMAL
2026-05-01 04:58:50,4,216.8,2.83,613.62,0.0017,27.1,2,24,NORMAL
2026-05-01 04:59:00,4,219.8,1.96,430.3,0.0012,25.1,3,26,NORMAL
2026-05-01 04:59:10,4,215.7,2.33,502.39,0.0014,28.9,2,24,NORMAL
2026-05-01 04:59:20,4,222.5,4.11,914.6,0.0025,30.3,1,22,NORMAL
2026-05-01 04:59:30,4,221.5,2.77,613.74,0.0017,28.0,3,24,NORMAL
2026-05-01 04:59:40,4,215.5,3.78,815.25,0.0023,31.1,2,22,NORMAL
2026-05-01 04:59:50,4,218.0,3.51,765.54,0.0021,31.2,1,22,NORMAL
2026-05-01 05:00:00,5,216.7,0.09,18.44,0.0001,29.1,0,OFF,NORMAL
2026-05-01 05:00:10,5,217.5,0.06,13.71,0.0,31.7,0,OFF,NORMAL
2026-05-01 05:00:20,5,222.5,2.92,649.94,0.0018,28.3,2,24,NORMAL
2026-05-01 05:00:30,5,215.0,2.22,478.3,0.0013,24.6,1,26,NORMAL
2026-05-01 05:00:40,5,222.4,5.59,1243.25,0.0011,24.4,0,26,ANOMALI
2026-05-01 05:00:50,5,224.5,0.05,10.19,0.0,28.1,0,OFF,NORMAL
2026-05-01 05:01:00,5,216.8,1.82,394.14,0.0011,24.8,1,26,NORMAL
2026-05-01 05:01:10,5,216.5,2.01,434.19,0.0012,26.9,2,26,NORMAL
2026-05-01 05:01:20,5,224.2,0.03,6.26,0.0,26.0,0,OFF,NORMAL
2026-05-01 05:01:30,5,219.3,2.11,462.6,0.0013,26.0,2,26,NORMAL
2026-05-01 05:01:40,5,216.8,5.5,1191.39,0.001,26.9,0,26,ANOMALI
2026-05-01 05:01:50,5,217.6,3.29,716.97,0.002,31.8,3,22,NORMAL
2026-05-01 05:02:00,5,219.1,3.57,781.84,0.0022,30.1,1,22,NORMAL
2026-05-01 05:02:10,5,218.0,3.88,846.29,0.0024,31.4,3,22,NORMAL
2026-05-01 05:02:20,5,215.5,7.8,1681.67,0.0019,28.0,2,24,ANOMALI
2026-05-01 05:02:30,5,217.8,2.14,465.31,0.0013,26.9,2,26,NORMAL
2026-05-01 05:02:40,5,218.8,0.06,14.09,0.0,30.9,0,OFF,NORMAL
2026-05-01 05:02:50,5,216.9,1.65,357.23,0.001,25.5,3,26,NORMAL
2026-05-01 05:03:00,5,223.5,1.92,429.16,0.0012,25.8,3,26,NORMAL
2026-05-01 05:03:10,5,224.9,1.88,422.5,0.0012,25.3,3,26,NORMAL
2026-05-01 05:03:20,5,217.8,2.51,547.68,0.0015,27.3,3,24,NORMAL
2026-05-01 05:03:30,5,218.0,1.82,396.41,0.0011,25.7,3,26,NORMAL
2026-05-01 05:03:40,5,219.8,2.76,605.7,0.0017,27.8,1,24,NORMAL
2026-05-01 05:03:50,5,221.5,2.25,498.11,0.0014,26.2,3,26,NORMAL
2026-05-01 05:04:00,5,216.0,4.33,935.04,0.0026,31.8,3,22,NORMAL
2026-05-01 05:04:10,5,217.0,1.47,319.16,0.0009,26.3,1,26,NORMAL
2026-05-01 05:04:20,5,222.5,3.56,792.87,0.0022,31.1,2,22,NORMAL
2026-05-01 05:04:30,5,221.1,1.94,428.54,0.0012,26.5,1,26,NORMAL
2026-05-01 05:04:40,5,215.2,3.08,663.46,0.0018,28.2,2,24,NORMAL
2026-05-01 05:04:50,5,220.2,7.95,1750.16,0.0,31.6,0,OFF,ANOMALI
2026-05-01 05:05:00,5,218.9,7.0,1532.64,0.0019,28.6,1,24,ANOMALI
2026-05-01 05:05:10,5,224.0,1.83,409.5,0.0011,24.9,1,26,NORMAL
2026-05-01 05:05:20,5,218.1,0.04,8.45,0.0,31.1,0,OFF,NORMAL
2026-05-01 05:05:30,5,223.9,0.09,19.94,0.0001,28.7,0,OFF,NORMAL
2026-05-01 05:05:40,5,216.3,9.09,1966.15,0.0017,28.2,2,24,ANOMALI
2026-05-01 05:05:50,5,222.2,1.4,311.78,0.0009,24.9,1,26,NORMAL
2026-05-01 05:06:00,5,220.6,3.72,820.24,0.0023,30.5,1,22,NORMAL
2026-05-01 05:06:10,5,215.1,3.17,681.58,0.0019,28.4,1,24,NORMAL
2026-05-01 05:06:20,5,218.3,0.06,13.9,0.0,27.7,0,OFF,NORMAL
2026-05-01 05:06:30,5,221.6,3.84,850.35,0.0024,31.8,3,22,NORMAL
2026-05-01 05:06:40,5,222.5,0.08,17.87,0.0,31.6,0,OFF,NORMAL
2026-05-01 05:06:50,5,223.0,2.89,645.28,0.0018,27.6,1,24,NORMAL
2026-05-01 05:07:00,5,221.5,2.57,568.59,0.0016,29.6,1,24,NORMAL
2026-05-01 05:07:10,5,217.8,0.06,14.12,0.0,27.8,0,OFF,NORMAL
2026-05-01 05:07:20,5,221.0,3.03,670.65,0.0019,28.1,3,24,NORMAL
2026-05-01 05:07:30,5,218.9,4.07,890.24,0.0025,30.7,3,22,NORMAL
2026-05-01 05:07:40,5,221.3,4.18,924.23,0.0026,31.2,3,22,NORMAL
2026-05-01 05:07:50,5,222.9,0.03,5.61,0.0,25.5,0,OFF,NORMAL
2026-05-01 05:08:00,5,224.2,1.89,423.75,0.0012,26.6,2,26,NORMAL
2026-05-01 05:08:10,5,217.6,3.54,770.6,0.0021,31.7,3,22,NORMAL
2026-05-01 05:08:20,5,221.1,3.61,799.03,0.0022,30.4,2,22,NORMAL
2026-05-01 05:08:30,5,218.4,1.85,403.32,0.0011,26.7,1,26,NORMAL
2026-05-01 05:08:40,5,217.6,1.8,392.74,0.0011,25.7,2,26,NORMAL
2026-05-01 05:08:50,5,217.5,3.45,749.77,0.0021,31.2,3,22,NORMAL
2026-05-01 05:09:00,5,221.4,0.06,12.22,0.0,29.4,0,OFF,NORMAL
2026-05-01 05:09:10,5,216.8,2.16,468.67,0.0013,24.9,2,26,NORMAL
2026-05-01 05:09:20,5,217.0,2.0,433.76,0.0012,24.9,1,26,NORMAL
2026-05-01 05:09:30,5,219.2,2.56,561.02,0.0016,29.0,3,24,NORMAL
2026-05-01 05:09:40,5,220.3,2.62,576.85,0.0016,28.8,1,24,NORMAL
2026-05-01 05:09:50,5,223.0,4.26,949.06,0.0026,30.5,2,22,NORMAL
2026-05-01 05:10:00,5,220.7,2.51,554.09,0.0015,29.5,2,24,NORMAL
2026-05-01 05:10:10,5,219.2,1.57,344.64,0.001,24.8,3,26,NORMAL
2026-05-01 05:10:20,5,215.9,0.03,7.12,0.0,27.0,0,OFF,NORMAL
2026-05-01 05:10:30,5,222.6,2.6,579.31,0.0016,27.7,3,24,NORMAL
2026-05-01 05:10:40,5,222.7,0.06,12.69,0.0,25.5,0,OFF,NORMAL
2026-05-01 05:10:50,5,216.3,2.12,458.19,0.0013,25.1,1,26,NORMAL
2026-05-01 05:11:00,5,216.6,1.86,402.32,0.0011,24.2,2,26,NORMAL
2026-05-01 05:11:10,5,223.3,2.6,580.13,0.0016,27.7,2,24,NORMAL
2026-05-01 05:11:20,5,224.6,1.45,325.59,0.0009,25.0,3,26,NORMAL
2026-05-01 05:11:30,5,170.9511186339524,0.07,12.03,0.0,27.3,0,OFF,ANOMALI
2026-05-01 05:11:40,5,220.6,3.03,669.13,0.0019,27.2,3,24,NORMAL
2026-05-01 05:11:50,5,223.0,0.08,18.2,0.0001,24.5,0,OFF,NORMAL
2026-05-01 05:12:00,5,223.4,2.73,610.46,0.0017,29.2,3,24,NORMAL
2026-05-01 05:12:10,5,215.1,1.82,392.4,0.0011,24.7,3,26,NORMAL
2026-05-01 05:12:20,5,219.0,1.61,352.25,0.001,26.9,3,26,NORMAL
2026-05-01 05:12:30,5,223.5,0.03,6.07,0.0,27.1,0,OFF,NORMAL
2026-05-01 05:12:40,5,220.3,0.09,19.67,0.0001,27.8,0,OFF,NORMAL
2026-05-01 05:12:50,5,223.8,2.69,602.63,0.0017,29.3,3,24,NORMAL
2026-05-01 05:13:00,5,221.4,1.83,404.91,0.0011,25.3,3,26,NORMAL
2026-05-01 05:13:10,5,218.8,3.55,777.41,0.0022,30.2,2,22,NORMAL
2026-05-01 05:13:20,5,215.8,1.83,393.94,0.0011,26.6,1,26,NORMAL
2026-05-01 05:13:30,5,220.2,1.79,395.12,0.0011,25.9,1,26,NORMAL
2026-05-01 05:13:40,5,219.5,3.8,833.03,0.0023,31.6,3,22,NORMAL
2026-05-01 05:13:50,5,223.3,0.04,9.8,0.0,25.9,0,OFF,NORMAL
2026-05-01 05:14:00,5,215.4,2.87,617.52,0.0017,28.2,1,24,NORMAL
2026-05-01 05:14:10,5,221.0,6.51,1438.98,0.0009,26.9,2,26,ANOMALI
2026-05-01 05:14:20,5,223.0,1.9,424.14,0.0012,26.6,2,26,NORMAL
2026-05-01 05:14:30,5,216.2,3.34,722.68,0.002,31.2,3,22,NORMAL
2026-05-01 05:14:40,5,219.8,1.79,393.21,0.0011,26.1,3,26,NORMAL
2026-05-01 05:14:50,5,179.96534774814765,1.74,312.73,0.0009,25.7,1,26,ANOMALI
2026-05-01 05:15:00,5,220.8,0.08,17.36,0.0,25.0,0,OFF,NORMAL
2026-05-01 05:15:10,5,215.7,4.26,918.33,0.0026,31.5,2,22,NORMAL
2026-05-01 05:15:20,5,218.7,3.83,837.07,0.0023,31.3,2,22,NORMAL
2026-05-01 05:15:30,5,218.6,1.95,425.45,0.0012,26.2,3,26,NORMAL
2026-05-01 05:15:40,5,218.6,2.61,570.03,0.0016,28.9,3,24,NORMAL
2026-05-01 05:15:50,5,221.0,2.4,530.11,0.0015,27.3,2,24,NORMAL
2026-05-01 05:16:00,5,218.4,4.84,1057.5,0.0,26.2,0,OFF,ANOMALI
2026-05-01 05:16:10,5,222.0,2.78,617.83,0.0017,29.0,1,24,NORMAL
2026-05-01 05:16:20,5,222.9,3.26,727.58,0.002,31.8,3,22,NORMAL
2026-05-01 05:16:30,5,215.6,4.22,909.35,0.0025,30.0,1,22,NORMAL
2026-05-01 05:16:40,5,222.9,7.5,1672.55,0.0014,26.6,2,26,ANOMALI
2026-05-01 05:16:50,5,221.7,2.4,531.94,0.0015,28.1,2,24,NORMAL
2026-05-01 05:17:00,5,222.4,7.04,1566.27,0.0018,28.7,3,24,ANOMALI
2026-05-01 05:17:10,5,220.1,7.87,1731.51,0.0012,26.8,3,26,ANOMALI
2026-05-01 05:17:20,5,221.9,1.52,338.36,0.0009,26.2,1,26,NORMAL
2026-05-01 05:17:30,5,219.0,4.14,906.8,0.0025,31.4,2,22,NORMAL
2026-05-01 05:17:40,5,220.9,0.09,19.96,0.0001,26.0,0,OFF,NORMAL
2026-05-01 05:17:50,5,220.8,2.48,547.42,0.0015,28.4,1,24,NORMAL
2026-05-01 05:18:00,5,222.6,3.3,734.47,0.002,31.9,3,22,NORMAL
2026-05-01 05:18:10,5,219.7,0.03,6.45,0.0,27.0,0,OFF,NORMAL
2026-05-01 05:18:20,5,219.4,0.06,12.7,0.0,27.0,0,OFF,NORMAL
2026-05-01 05:18:30,5,215.8,0.04,8.39,0.0,29.6,0,OFF,NORMAL
2026-05-01 05:18:40,5,224.0,2.49,557.64,0.0015,27.2,1,24,NORMAL
2026-05-01 05:18:50,5,223.4,1.61,358.71,0.001,24.5,3,26,NORMAL
2026-05-01 05:19:00,5,223.1,2.78,621.09,0.0017,29.0,3,24,NORMAL
2026-05-01 05:19:10,5,216.4,1.55,336.17,0.0009,24.9,1,26,NORMAL
2026-05-01 05:19:20,5,218.6,7.51,1642.71,0.0001,28.1,0,OFF,ANOMALI
2026-05-01 05:19:30,5,215.5,1.93,416.78,0.0012,26.1,1,26,NORMAL
2026-05-01 05:19:40,5,220.0,1.92,422.69,0.0012,25.8,2,26,NORMAL
2026-05-01 05:19:50,5,215.0,2.89,621.08,0.0017,28.4,3,24,NORMAL
2026-05-01 05:20:00,5,220.3,2.4,529.22,0.0015,29.6,3,24,NORMAL
2026-05-01 05:20:10,5,216.8,2.19,474.94,0.0013,24.0,2,26,NORMAL
2026-05-01 05:20:20,5,215.1,3.21,690.2,0.0019,28.2,1,24,NORMAL
2026-05-01 05:20:30,5,222.0,3.04,674.98,0.0019,29.9,1,24,NORMAL
2026-05-01 05:20:40,5,222.4,2.19,486.84,0.0014,24.8,3,26,NORMAL
2026-05-01 05:20:50,5,216.9,0.09,18.99,0.0001,28.8,0,OFF,NORMAL
2026-05-01 05:21:00,5,217.5,2.45,533.71,0.0015,28.6,1,24,NORMAL
2026-05-01 05:21:10,5,223.9,0.07,15.8,0.0,29.5,0,OFF,NORMAL
2026-05-01 05:21:20,5,216.2,0.09,19.64,0.0001,29.2,0,OFF,NORMAL
2026-05-01 05:21:30,5,222.7,2.66,592.82,0.0016,29.9,1,24,NORMAL
2026-05-01 05:21:40,5,216.4,1.42,307.63,0.0009,24.1,1,26,NORMAL
2026-05-01 05:21:50,5,222.4,3.08,684.0,0.0019,28.5,2,24,NORMAL
2026-05-01 05:22:00,5,221.9,1.95,433.75,0.0012,25.5,3,26,NORMAL
2026-05-01 05:22:10,5,220.8,2.05,453.58,0.0013,26.3,1,26,NORMAL
2026-05-01 05:22:20,5,218.3,3.29,717.43,0.002,32.0,1,22,NORMAL
2026-05-01 05:22:30,5,220.6,1.73,382.2,0.0011,24.8,1,26,NORMAL
2026-05-01 05:22:40,5,221.9,3.12,692.78,0.0019,28.8,2,24,NORMAL
2026-05-01 05:22:50,5,224.4,2.91,652.04,0.0018,28.9,3,24,NORMAL
2026-05-01 05:23:00,5,223.5,2.47,552.07,0.0015,29.9,3,24,NORMAL
2026-05-01 05:23:10,5,218.7,3.01,658.73,0.0018,27.3,1,24,NORMAL
2026-05-01 05:23:20,5,219.2,1.51,331.31,0.0009,25.7,1,26,NORMAL
2026-05-01 05:23:30,5,223.9,3.01,673.18,0.0019,27.4,1,24,NORMAL
2026-05-01 05:23:40,5,219.4,0.06,14.09,0.0,30.0,0,OFF,NORMAL
2026-05-01 05:23:50,5,217.2,2.72,590.06,0.0016,27.5,1,24,NORMAL
2026-05-01 05:24:00,5,221.7,4.13,916.25,0.0025,30.9,3,22,NORMAL
2026-05-01 05:24:10,5,224.2,2.95,661.75,0.0018,27.0,3,24,NORMAL
2026-05-01 05:24:20,5,224.7,3.1,695.82,0.0019,27.2,1,24,NORMAL
2026-05-01 05:24:30,5,216.2,1.55,334.95,0.0009,25.6,1,26,NORMAL
2026-05-01 05:24:40,5,215.1,4.18,898.22,0.0025,31.6,1,22,NORMAL
2026-05-01 05:24:50,5,165.6452853955335,2.32,383.76,0.0011,25.7,3,26,ANOMALI
2026-05-01 05:25:00,5,217.4,1.38,300.44,0.0008,25.2,3,26,NORMAL
2026-05-01 05:25:10,5,217.4,3.73,810.66,0.0023,30.0,2,22,NORMAL
2026-05-01 05:25:20,5,217.5,0.04,9.17,0.0,30.8,0,OFF,NORMAL
2026-05-01 05:25:30,5,216.4,1.54,333.74,0.0009,24.3,2,26,NORMAL
2026-05-01 05:25:40,5,219.7,1.81,397.78,0.0011,25.6,1,26,NORMAL
2026-05-01 05:25:50,5,220.8,0.03,7.21,0.0,26.8,0,OFF,NORMAL
2026-05-01 05:26:00,5,221.8,1.8,399.2,0.0011,24.0,2,26,NORMAL
2026-05-01 05:26:10,5,221.1,1.66,367.07,0.001,25.2,1,26,NORMAL
2026-05-01 05:26:20,5,220.5,3.5,772.34,0.0021,30.3,1,22,NORMAL
2026-05-01 05:26:30,5,224.1,1.59,357.16,0.001,25.0,2,26,NORMAL
2026-05-01 05:26:40,5,222.1,2.36,524.53,0.0015,28.9,1,24,NORMAL
2026-05-01 05:26:50,5,215.4,0.05,9.77,0.0,28.6,0,OFF,NORMAL
2026-05-01 05:27:00,5,216.4,2.51,542.93,0.0015,27.7,2,24,NORMAL
2026-05-01 05:27:10,5,218.5,3.35,731.96,0.002,31.6,3,22,NORMAL
2026-05-01 05:27:20,5,215.1,1.51,323.76,0.0009,26.4,1,26,NORMAL
2026-05-01 05:27:30,5,218.9,2.29,501.65,0.0014,28.4,2,24,NORMAL
2026-05-01 05:27:40,5,221.5,1.37,302.93,0.0008,25.4,2,26,NORMAL
2026-05-01 05:27:50,5,216.7,0.08,17.36,0.0,27.6,0,OFF,NORMAL
2026-05-01 05:28:00,5,215.3,4.25,915.24,0.0015,28.7,0,24,ANOMALI
2026-05-01 05:28:10,5,223.5,2.81,627.35,0.0017,29.1,3,24,NORMAL
2026-05-01 05:28:20,5,216.5,2.89,624.91,0.0017,27.3,3,24,NORMAL
2026-05-01 05:28:30,5,224.9,2.66,597.27,0.0017,28.8,1,24,NORMAL
2026-05-01 05:28:40,5,224.8,2.29,513.8,0.0014,27.7,1,24,NORMAL
2026-05-01 05:28:50,5,224.5,2.43,546.32,0.0015,27.7,3,24,NORMAL
2026-05-01 05:29:00,5,215.9,3.2,691.78,0.0019,29.3,2,24,NORMAL
2026-05-01 05:29:10,5,218.3,1.88,409.55,0.0011,26.4,3,26,NORMAL
2026-05-01 05:29:20,5,220.6,2.65,584.43,0.0016,28.3,3,24,NORMAL
2026-05-01 05:29:30,5,220.5,2.86,630.43,0.0018,29.3,2,24,NORMAL
2026-05-01 05:29:40,5,224.0,2.75,616.07,0.0017,29.2,3,24,NORMAL
2026-05-01 05:29:50,5,219.9,5.59,1229.46,0.0,28.1,0,OFF,ANOMALI
2026-05-01 05:30:00,5,215.5,1.49,320.6,0.0009,24.8,3,26,NORMAL
2026-05-01 05:30:10,5,221.2,1.61,356.35,0.001,25.4,3,26,NORMAL
2026-05-01 05:30:20,5,219.2,2.09,458.56,0.0013,25.8,2,26,NORMAL
2026-05-01 05:30:30,5,219.8,2.73,601.11,0.0017,28.7,3,24,NORMAL
2026-05-01 05:30:40,5,218.6,2.39,522.11,0.0015,27.1,2,24,NORMAL
2026-05-01 05:30:50,5,215.5,3.76,810.12,0.0023,31.0,2,22,NORMAL
2026-05-01 05:31:00,5,217.8,3.6,783.56,0.0022,31.4,1,22,NORMAL
2026-05-01 05:31:10,5,219.7,2.48,545.63,0.0015,28.1,1,24,NORMAL
2026-05-01 05:31:20,5,216.6,3.53,764.22,0.0021,31.2,1,22,NORMAL
2026-05-01 05:31:30,5,219.9,3.79,832.88,0.0023,31.6,1,22,NORMAL
2026-05-01 05:31:40,5,215.9,2.59,559.31,0.0016,27.7,2,24,NORMAL
2026-05-01 05:31:50,5,222.2,3.33,739.31,0.0021,30.3,1,22,NORMAL
2026-05-01 05:32:00,5,215.0,2.4,515.68,0.0014,27.8,2,24,NORMAL
2026-05-01 05:32:10,5,224.5,3.57,802.15,0.0022,31.2,1,22,NORMAL
2026-05-01 05:32:20,5,217.0,0.05,11.46,0.0,31.9,0,OFF,NORMAL
2026-05-01 05:32:30,5,218.6,2.53,552.81,0.0015,28.2,3,24,NORMAL
2026-05-01 05:32:40,5,215.5,3.02,650.43,0.0018,27.0,2,24,NORMAL
2026-05-01 05:32:50,5,222.3,0.09,19.89,0.0001,30.8,0,OFF,NORMAL
2026-05-01 05:33:00,5,217.1,3.92,850.17,0.0024,31.9,2,22,NORMAL
2026-05-01 05:33:10,5,219.0,2.13,465.89,0.0013,26.0,3,26,NORMAL
2026-05-01 05:33:20,5,220.0,0.09,18.72,0.0001,31.0,0,OFF,NORMAL
2026-05-01 05:33:30,5,215.3,3.4,732.05,0.002,32.0,1,22,NORMAL
2026-05-01 05:33:40,5,221.2,1.85,409.6,0.0011,25.0,3,26,NORMAL
2026-05-01 05:33:50,5,220.8,1.73,381.02,0.0011,24.2,2,26,NORMAL
2026-05-01 05:34:00,5,221.9,3.93,872.87,0.0024,31.5,1,22,NORMAL
2026-05-01 05:34:10,5,221.2,2.16,477.22,0.0013,25.4,2,26,NORMAL
2026-05-01 05:34:20,5,220.7,3.85,849.01,0.0024,31.0,2,22,NORMAL
2026-05-01 05:34:30,5,224.6,2.24,503.01,0.0014,27.4,1,24,NORMAL
2026-05-01 05:34:40,5,218.2,3.69,806.23,0.0022,31.6,3,22,NORMAL
2026-05-01 05:34:50,5,220.9,2.98,658.51,0.0018,28.0,1,24,NORMAL
2026-05-01 05:35:00,5,224.9,5.89,1324.44,0.0,30.6,0,OFF,ANOMALI
2026-05-01 05:35:10,5,223.8,4.12,921.39,0.0026,30.4,2,22,NORMAL
2026-05-01 05:35:20,5,217.9,1.74,378.85,0.0011,24.6,2,26,NORMAL
2026-05-01 05:35:30,5,217.3,0.07,14.43,0.0,29.1,0,OFF,NORMAL
2026-05-01 05:35:40,5,220.0,2.51,551.2,0.0015,29.5,3,24,NORMAL
2026-05-01 05:35:50,5,220.1,2.28,501.97,0.0014,28.7,1,24,NORMAL
2026-05-01 05:36:00,5,215.7,2.56,552.25,0.0015,28.8,3,24,NORMAL
2026-05-01 05:36:10,5,216.0,1.97,425.14,0.0012,24.3,3,26,NORMAL
2026-05-01 05:36:20,5,222.1,0.06,13.79,0.0,28.3,0,OFF,NORMAL
2026-05-01 05:36:30,5,220.4,1.92,423.87,0.0012,25.1,3,26,NORMAL
2026-05-01 05:36:40,5,215.3,5.08,1094.22,0.0022,30.8,0,22,ANOMALI
2026-05-01 05:36:50,5,222.8,0.09,19.38,0.0001,26.7,0,OFF,NORMAL
2026-05-01 05:37:00,5,218.5,2.24,489.79,0.0014,26.0,1,26,NORMAL
2026-05-01 05:37:10,5,220.4,2.63,580.08,0.0016,28.3,3,24,NORMAL
2026-05-01 05:37:20,5,220.4,2.7,595.06,0.0017,28.9,1,24,NORMAL
2026-05-01 05:37:30,5,217.7,2.75,598.85,0.0017,27.4,3,24,NORMAL
2026-05-01 05:37:40,5,224.0,2.01,449.74,0.0012,26.8,3,26,NORMAL
2026-05-01 05:37:50,5,215.5,2.48,534.14,0.0015,28.0,1,24,NORMAL
2026-05-01 05:38:00,5,223.6,3.2,715.9,0.002,31.8,1,22,NORMAL
2026-05-01 05:38:10,5,218.4,4.11,897.47,0.0025,30.5,2,22,NORMAL
2026-05-01 05:38:20,5,219.8,3.86,848.52,0.0016,29.6,0,24,ANOMALI
2026-05-01 05:38:30,5,224.1,2.32,519.31,0.0014,27.3,2,24,NORMAL
2026-05-01 05:38:40,5,221.7,2.68,593.08,0.0016,29.1,3,24,NORMAL
2026-05-01 05:38:50,5,223.9,3.02,676.88,0.0019,29.9,2,24,NORMAL
2026-05-01 05:39:00,5,223.4,4.03,900.71,0.0025,30.7,2,22,NORMAL
2026-05-01 05:39:10,5,215.5,4.26,917.38,0.0025,30.6,2,22,NORMAL
2026-05-01 05:39:20,5,224.7,2.04,459.49,0.0013,26.8,3,26,NORMAL
2026-05-01 05:39:30,5,216.9,2.89,627.01,0.0017,27.7,1,24,NORMAL
2026-05-01 05:39:40,5,216.9,1.58,341.72,0.0009,24.2,2,26,NORMAL
2026-05-01 05:39:50,5,163.48229501503272,2.58,421.6,0.0012,26.3,1,26,ANOMALI
2026-05-01 05:40:00,5,222.8,3.68,820.73,0.0023,30.4,2,22,NORMAL
2026-05-01 05:40:10,5,223.0,2.87,639.79,0.0018,27.5,3,24,NORMAL
2026-05-01 05:40:20,5,219.7,1.95,429.42,0.0012,26.9,2,26,NORMAL
2026-05-01 05:40:30,5,216.5,0.06,12.31,0.0,26.2,0,OFF,NORMAL
2026-05-01 05:40:40,5,224.2,0.02,5.55,0.0,27.5,0,OFF,NORMAL
2026-05-01 05:40:50,5,221.7,1.56,344.82,0.001,25.7,2,26,NORMAL
2026-05-01 05:41:00,5,218.9,0.05,12.0,0.0,29.5,0,OFF,NORMAL
2026-05-01 05:41:10,5,215.2,0.08,16.5,0.0,26.6,0,OFF,NORMAL
2026-05-01 05:41:20,5,221.9,4.24,940.23,0.0026,30.2,1,22,NORMAL
2026-05-01 05:41:30,5,220.5,0.07,16.38,0.0,25.9,0,OFF,NORMAL
2026-05-01 05:41:40,5,223.6,2.07,462.65,0.0013,25.8,3,26,NORMAL
2026-05-01 05:41:50,5,223.2,3.77,841.74,0.0023,31.6,1,22,NORMAL
2026-05-01 05:42:00,5,223.0,1.52,339.19,0.0009,25.6,1,26,NORMAL
2026-05-01 05:42:10,5,218.9,0.09,19.39,0.0001,24.1,0,OFF,NORMAL
2026-05-01 05:42:20,5,219.9,1.68,368.43,0.001,26.1,2,26,NORMAL
2026-05-01 05:42:30,5,222.5,3.26,725.22,0.002,32.0,2,22,NORMAL
2026-05-01 05:42:40,5,221.6,4.54,1005.45,0.001,24.9,0,26,ANOMALI
2026-05-01 05:42:50,5,222.7,1.95,433.87,0.0012,26.0,2,26,NORMAL
2026-05-01 05:43:00,5,221.5,0.02,5.14,0.0,25.3,0,OFF,NORMAL
2026-05-01 05:43:10,5,219.1,0.06,13.3,0.0,29.3,0,OFF,NORMAL
2026-05-01 05:43:20,5,217.1,3.5,759.43,0.0021,31.0,3,22,NORMAL
2026-05-01 05:43:30,5,222.5,1.59,354.52,0.001,26.9,1,26,NORMAL
2026-05-01 05:43:40,5,217.3,0.09,19.17,0.0001,27.3,0,OFF,NORMAL
2026-05-01 05:43:50,5,217.2,0.06,12.38,0.0,27.9,0,OFF,NORMAL
2026-05-01 05:44:00,5,224.8,3.77,847.72,0.0024,30.4,3,22,NORMAL
2026-05-01 05:44:10,5,224.9,2.21,495.93,0.0014,26.0,3,26,NORMAL
2026-05-01 05:44:20,5,220.1,8.94,1967.88,0.0025,31.2,1,22,ANOMALI
2026-05-01 05:44:30,5,224.8,0.05,11.63,0.0,28.2,0,OFF,NORMAL
2026-05-01 05:44:40,5,217.0,0.03,5.9,0.0,30.3,0,OFF,NORMAL
2026-05-01 05:44:50,5,219.0,3.71,813.12,0.0023,31.4,2,22,NORMAL
2026-05-01 05:45:00,5,215.4,3.42,736.04,0.002,30.7,2,22,NORMAL
2026-05-01 05:45:10,5,223.2,0.09,19.84,0.0001,31.4,0,OFF,NORMAL
2026-05-01 05:45:20,5,221.7,2.59,574.45,0.0016,28.6,1,24,NORMAL
2026-05-01 05:45:30,5,220.5,1.61,355.24,0.001,26.9,2,26,NORMAL
2026-05-01 05:45:40,5,215.9,3.12,674.34,0.0019,28.0,1,24,NORMAL
2026-05-01 05:45:50,5,221.7,0.05,11.49,0.0,27.4,0,OFF,NORMAL
2026-05-01 05:46:00,5,222.6,2.27,505.14,0.0014,29.1,1,24,NORMAL
2026-05-01 05:46:10,5,222.1,2.85,632.67,0.0018,28.4,3,24,NORMAL
2026-05-01 05:46:20,5,220.0,0.05,10.9,0.0,31.9,0,OFF,NORMAL
2026-05-01 05:46:30,5,223.5,3.96,885.53,0.0025,31.7,3,22,NORMAL
2026-05-01 05:46:40,5,223.5,2.98,667.0,0.0019,27.3,1,24,NORMAL
2026-05-01 05:46:50,5,218.1,0.06,12.32,0.0,29.3,0,OFF,NORMAL
2026-05-01 05:47:00,5,220.9,2.38,526.69,0.0015,29.4,1,24,NORMAL
2026-05-01 05:47:10,5,221.4,1.42,313.55,0.0009,26.0,2,26,NORMAL
2026-05-01 05:47:20,5,217.7,3.74,813.84,0.0023,31.3,3,22,NORMAL
2026-05-01 05:47:30,5,219.3,4.23,926.58,0.0,30.8,0,OFF,ANOMALI
2026-05-01 05:47:40,5,220.7,1.56,344.17,0.001,25.5,3,26,NORMAL
2026-05-01 05:47:50,5,216.6,1.67,361.22,0.001,26.9,2,26,NORMAL
2026-05-01 05:48:00,5,224.4,2.71,608.73,0.0017,28.8,3,24,NORMAL
2026-05-01 05:48:10,5,220.1,0.06,14.1,0.0,27.9,0,OFF,NORMAL
2026-05-01 05:48:20,5,221.3,0.04,9.09,0.0,29.4,0,OFF,NORMAL
2026-05-01 05:48:30,5,216.5,0.04,9.38,0.0,25.7,0,OFF,NORMAL
2026-05-01 05:48:40,5,215.2,0.07,14.78,0.0,26.3,0,OFF,NORMAL
2026-05-01 05:48:50,5,220.2,2.69,593.41,0.0016,29.8,1,24,NORMAL
2026-05-01 05:49:00,5,221.5,2.65,587.7,0.0016,29.5,2,24,NORMAL
2026-05-01 05:49:10,5,224.7,2.12,476.22,0.0013,25.0,3,26,NORMAL
2026-05-01 05:49:20,5,222.7,5.58,1242.62,0.0011,25.4,0,26,ANOMALI
2026-05-01 05:49:30,5,222.8,3.91,871.06,0.0024,31.5,2,22,NORMAL
2026-05-01 05:49:40,5,217.3,0.07,16.18,0.0,25.6,0,OFF,NORMAL
2026-05-01 05:49:50,5,224.8,1.68,377.66,0.001,25.5,1,26,NORMAL
2026-05-01 05:50:00,5,215.2,0.03,7.3,0.0,31.5,0,OFF,NORMAL
2026-05-01 05:50:10,5,218.6,3.66,800.86,0.0022,31.5,2,22,NORMAL
2026-05-01 05:50:20,5,219.1,1.91,418.3,0.0012,26.1,3,26,NORMAL
2026-05-01 05:50:30,5,215.4,2.03,438.17,0.0012,26.5,2,26,NORMAL
2026-05-01 05:50:40,5,220.8,1.44,318.35,0.0009,24.3,3,26,NORMAL
2026-05-01 05:50:50,5,223.0,0.09,19.99,0.0001,31.6,0,OFF,NORMAL
2026-05-01 05:51:00,5,223.4,2.78,622.0,0.0017,27.0,2,24,NORMAL
2026-05-01 05:51:10,5,223.7,2.75,614.19,0.0017,29.8,1,24,NORMAL
2026-05-01 05:51:20,5,215.8,1.59,343.62,0.001,24.4,1,26,NORMAL
2026-05-01 05:51:30,5,221.7,0.06,13.48,0.0,29.1,0,OFF,NORMAL
2026-05-01 05:51:40,5,223.5,3.07,685.54,0.0019,28.6,3,24,NORMAL
2026-05-01 05:51:50,5,221.6,2.97,657.14,0.0018,27.7,2,24,NORMAL
2026-05-01 05:52:00,5,220.9,2.07,456.68,0.0013,26.6,3,26,NORMAL
2026-05-01 05:52:10,5,224.8,1.42,318.93,0.0009,25.3,2,26,NORMAL
2026-05-01 05:52:20,5,224.2,4.14,928.87,0.0026,31.6,2,22,NORMAL
2026-05-01 05:52:30,5,222.3,2.41,535.23,0.0015,27.5,1,24,NORMAL
2026-05-01 05:52:40,5,218.7,0.04,8.03,0.0,28.9,0,OFF,NORMAL
2026-05-01 05:52:50,5,220.1,4.31,947.58,0.0026,30.5,3,22,NORMAL
2026-05-01 05:53:00,5,221.9,2.11,467.87,0.0013,24.4,1,26,NORMAL
2026-05-01 05:53:10,5,216.5,0.05,11.07,0.0,29.4,0,OFF,NORMAL
2026-05-01 05:53:20,5,215.5,1.99,428.44,0.0012,26.3,1,26,NORMAL
2026-05-01 05:53:30,5,221.1,3.05,674.26,0.0019,29.2,1,24,NORMAL
2026-05-01 05:53:40,5,220.9,4.16,918.48,0.0026,31.1,2,22,NORMAL
2026-05-01 05:53:50,5,222.3,2.11,468.43,0.0013,24.2,2,26,NORMAL
2026-05-01 05:54:00,5,217.4,0.02,5.15,0.0,28.7,0,OFF,NORMAL
2026-05-01 05:54:10,5,216.7,3.73,807.23,0.0022,31.9,2,22,NORMAL
2026-05-01 05:54:20,5,215.5,0.05,10.85,0.0,28.4,0,OFF,NORMAL
2026-05-01 05:54:30,5,216.9,4.03,873.04,0.0024,30.7,1,22,NORMAL
2026-05-01 05:54:40,5,223.3,4.02,896.96,0.0025,30.0,3,22,NORMAL
2026-05-01 05:54:50,5,217.3,2.48,538.18,0.0015,27.8,1,24,NORMAL
2026-05-01 05:55:00,5,218.8,0.06,12.1,0.0,27.6,0,OFF,NORMAL
2026-05-01 05:55:10,5,219.3,2.8,614.29,0.0017,28.7,1,24,NORMAL
2026-05-01 05:55:20,5,222.1,2.88,640.28,0.0018,27.3,2,24,NORMAL
2026-05-01 05:55:30,5,222.4,0.04,8.85,0.0,29.0,0,OFF,NORMAL
2026-05-01 05:55:40,5,219.7,2.83,622.83,0.0017,29.7,2,24,NORMAL
2026-05-01 05:55:50,5,215.5,0.09,19.48,0.0001,31.9,0,OFF,NORMAL
2026-05-01 05:56:00,5,224.7,0.05,12.2,0.0,25.5,0,OFF,NORMAL
2026-05-01 05:56:10,5,215.7,3.32,716.58,0.002,31.4,1,22,NORMAL
2026-05-01 05:56:20,5,219.7,1.93,423.69,0.0012,25.7,3,26,NORMAL
2026-05-01 05:56:30,5,219.5,2.0,439.51,0.0012,24.6,2,26,NORMAL
2026-05-01 05:56:40,5,215.1,2.57,553.0,0.0015,27.5,1,24,NORMAL
2026-05-01 05:56:50,5,224.9,1.53,344.12,0.001,26.0,2,26,NORMAL
2026-05-01 05:57:00,5,217.9,0.08,18.4,0.0001,30.6,0,OFF,NORMAL
2026-05-01 05:57:10,5,218.1,0.03,6.89,0.0,30.5,0,OFF,NORMAL
2026-05-01 05:57:20,5,217.7,2.11,460.35,0.0013,25.0,3,26,NORMAL
2026-05-01 05:57:30,5,216.7,0.09,19.64,0.0001,25.4,0,OFF,NORMAL
2026-05-01 05:57:40,5,222.2,2.8,622.14,0.0017,28.0,1,24,NORMAL
2026-05-01 05:57:50,5,216.1,0.05,11.43,0.0,27.1,0,OFF,NORMAL
2026-05-01 05:58:00,5,217.3,6.46,1404.8,0.0012,24.4,3,26,ANOMALI
2026-05-01 05:58:10,5,224.1,1.88,421.42,0.0012,26.0,2,26,NORMAL
2026-05-01 05:58:20,5,220.6,1.64,361.93,0.001,25.6,2,26,NORMAL
2026-05-01 05:58:30,5,222.2,1.63,362.69,0.001,25.3,3,26,NORMAL
2026-05-01 05:58:40,5,218.6,2.9,634.67,0.0018,29.8,2,24,NORMAL
2026-05-01 05:58:50,5,223.1,2.62,585.18,0.0016,29.5,2,24,NORMAL
2026-05-01 05:59:00,5,219.9,2.27,499.82,0.0014,25.0,1,26,NORMAL
2026-05-01 05:59:10,5,223.7,2.09,467.68,0.0013,25.0,2,26,NORMAL
2026-05-01 05:59:20,5,223.6,0.09,19.12,0.0001,29.8,0,OFF,NORMAL
2026-05-01 05:59:30,5,223.0,0.03,6.22,0.0,29.7,0,OFF,NORMAL
2026-05-01 05:59:40,5,223.7,1.51,338.69,0.0009,24.3,2,26,NORMAL
2026-05-01 05:59:50,5,224.3,6.75,1514.41,0.0012,25.4,1,26,ANOMALI
2026-05-01 06:00:00,6,222.0,4.24,941.28,0.0026,30.6,2,22,NORMAL
2026-05-01 06:00:10,6,222.9,8.3,1849.93,0.0014,29.7,3,24,ANOMALI
2026-05-01 06:00:20,6,216.9,3.03,657.95,0.0018,27.1,1,24,NORMAL
2026-05-01 06:00:30,6,216.7,1.75,378.39,0.0011,24.8,1,26,NORMAL
2026-05-01 06:00:40,6,217.2,1.69,366.32,0.001,26.4,1,26,NORMAL
2026-05-01 06:00:50,6,219.7,4.24,932.03,0.0026,30.3,1,22,NORMAL
2026-05-01 06:01:00,6,222.7,1.41,314.95,0.0009,26.2,3,26,NORMAL
2026-05-01 06:01:10,6,223.3,4.16,929.46,0.0026,31.8,2,22,NORMAL
2026-05-01 06:01:20,6,223.2,1.82,406.08,0.0011,25.9,2,26,NORMAL
2026-05-01 06:01:30,6,223.9,1.85,415.13,0.0012,25.1,1,26,NORMAL
2026-05-01 06:01:40,6,216.3,3.2,691.79,0.0019,27.2,1,24,NORMAL
2026-05-01 06:01:50,6,215.1,0.08,17.19,0.0,24.7,0,OFF,NORMAL
2026-05-01 06:02:00,6,219.7,2.37,521.08,0.0014,27.8,3,24,NORMAL
2026-05-01 06:02:10,6,224.9,2.22,499.49,0.0014,24.8,3,26,NORMAL
2026-05-01 06:02:20,6,215.0,4.29,922.62,0.0026,30.7,3,22,NORMAL
2026-05-01 06:02:30,6,219.1,2.02,443.56,0.0012,24.5,1,26,NORMAL
2026-05-01 06:02:40,6,223.3,2.34,521.77,0.0014,29.4,1,24,NORMAL
2026-05-01 06:02:50,6,219.1,4.57,1001.27,0.0017,27.7,0,24,ANOMALI
2026-05-01 06:03:00,6,220.5,3.69,814.15,0.0023,31.1,3,22,NORMAL
2026-05-01 06:03:10,6,217.9,2.16,469.96,0.0013,26.3,2,26,NORMAL
2026-05-01 06:03:20,6,217.3,2.27,492.75,0.0014,26.8,1,26,NORMAL
2026-05-01 06:03:30,6,222.7,1.59,353.64,0.001,26.1,2,26,NORMAL
2026-05-01 06:03:40,6,224.8,2.56,575.86,0.0016,28.6,2,24,NORMAL
2026-05-01 06:03:50,6,223.4,0.06,14.32,0.0,26.8,0,OFF,NORMAL
2026-05-01 06:04:00,6,221.7,2.86,633.58,0.0018,28.4,3,24,NORMAL
2026-05-01 06:04:10,6,220.9,2.52,557.64,0.0015,27.4,1,24,NORMAL
2026-05-01 06:04:20,6,222.7,2.91,648.3,0.0018,28.1,2,24,NORMAL
2026-05-01 06:04:30,6,222.9,3.96,883.37,0.0,26.5,0,OFF,ANOMALI
2026-05-01 06:04:40,6,223.6,3.77,843.88,0.0023,30.4,3,22,NORMAL
2026-05-01 06:04:50,6,217.0,0.04,9.29,0.0,31.9,0,OFF,NORMAL
2026-05-01 06:05:00,6,219.9,0.05,10.35,0.0,31.7,0,OFF,NORMAL
2026-05-01 06:05:10,6,219.4,2.97,651.61,0.0018,29.3,3,24,NORMAL
2026-05-01 06:05:20,6,223.4,4.19,935.58,0.0026,31.5,1,22,NORMAL
2026-05-01 06:05:30,6,216.9,4.09,886.59,0.0025,32.0,2,22,NORMAL
2026-05-01 06:05:40,6,220.1,6.05,1331.99,0.0026,31.6,0,22,ANOMALI
2026-05-01 06:05:50,6,221.7,2.54,563.71,0.0016,29.4,2,24,NORMAL
2026-05-01 06:06:00,6,222.1,2.62,582.14,0.0016,28.3,1,24,NORMAL
2026-05-01 06:06:10,6,220.3,2.28,502.42,0.0014,29.9,1,24,NORMAL
2026-05-01 06:06:20,6,179.8202333197503,0.05,8.87,0.0,29.1,0,OFF,ANOMALI
2026-05-01 06:06:30,6,222.4,0.03,5.78,0.0,25.1,0,OFF,NORMAL
2026-05-01 06:06:40,6,219.4,3.8,833.16,0.0023,30.8,2,22,NORMAL
2026-05-01 06:06:50,6,224.3,2.73,612.13,0.0017,29.8,2,24,NORMAL
2026-05-01 06:07:00,6,215.1,0.08,16.7,0.0,25.1,0,OFF,NORMAL
2026-05-01 06:07:10,6,216.0,3.29,710.77,0.002,30.1,3,22,NORMAL
2026-05-01 06:07:20,6,219.3,3.61,792.14,0.0022,30.9,1,22,NORMAL
2026-05-01 06:07:30,6,217.6,3.0,652.24,0.0018,27.8,3,24,NORMAL
2026-05-01 06:07:40,6,216.1,2.16,466.83,0.0013,25.4,2,26,NORMAL
2026-05-01 06:07:50,6,218.5,2.95,643.49,0.0018,29.6,1,24,ANOMALI
2026-05-01 06:08:00,6,223.9,1.6,358.22,0.001,24.1,1,26,NORMAL
2026-05-01 06:08:10,6,217.5,2.52,548.47,0.0015,28.3,1,24,NORMAL
2026-05-01 06:08:20,6,221.7,4.17,924.8,0.0026,30.7,1,22,NORMAL
2026-05-01 06:08:30,6,221.8,2.71,600.2,0.0017,28.4,2,24,NORMAL
2026-05-01 06:08:40,6,215.3,0.08,17.99,0.0,24.8,0,OFF,NORMAL
2026-05-01 06:08:50,6,223.5,2.97,663.42,0.0018,28.9,3,24,NORMAL
2026-05-01 06:09:00,6,223.9,2.84,634.77,0.0018,29.7,3,24,NORMAL
2026-05-01 06:09:10,6,216.4,1.69,364.86,0.001,26.9,2,26,NORMAL
2026-05-01 06:09:20,6,220.5,0.03,6.87,0.0,28.0,0,OFF,NORMAL
2026-05-01 06:09:30,6,223.3,2.87,641.51,0.0018,28.1,3,24,NORMAL
2026-05-01 06:09:40,6,222.1,2.97,659.19,0.0018,27.7,2,24,NORMAL
2026-05-01 06:09:50,6,218.5,1.46,318.07,0.0009,25.6,3,26,NORMAL
2026-05-01 06:10:00,6,224.1,2.52,565.43,0.0016,28.1,3,24,NORMAL
2026-05-01 06:10:10,6,222.7,1.69,377.08,0.001,24.6,3,26,NORMAL
2026-05-01 06:10:20,6,160.28041459178132,4.21,675.28,0.0019,29.2,2,24,ANOMALI
2026-05-01 06:10:30,6,215.2,4.29,923.93,0.0026,30.1,1,22,NORMAL
2026-05-01 06:10:40,6,216.4,4.09,885.18,0.0025,30.8,2,22,NORMAL
2026-05-01 06:10:50,6,224.9,4.04,909.23,0.0025,30.6,2,22,NORMAL
2026-05-01 06:11:00,6,220.2,2.79,614.25,0.0017,27.5,2,24,NORMAL
2026-05-01 06:11:10,6,219.3,0.08,18.44,0.0001,28.4,0,OFF,NORMAL
2026-05-01 06:11:20,6,217.3,3.7,803.0,0.0022,31.0,1,22,NORMAL
2026-05-01 06:11:30,6,216.6,4.26,922.05,0.0026,30.3,1,22,NORMAL
2026-05-01 06:11:40,6,215.7,4.06,876.26,0.0024,31.8,2,22,NORMAL
2026-05-01 06:11:50,6,217.0,0.09,18.82,0.0001,27.4,0,OFF,NORMAL
2026-05-01 06:12:00,6,215.9,0.03,7.36,0.0,30.3,0,OFF,NORMAL
2026-05-01 06:12:10,6,215.6,0.05,11.27,0.0,30.3,0,OFF,NORMAL
2026-05-01 06:12:20,6,224.7,6.66,1496.09,0.0001,26.2,0,OFF,ANOMALI
2026-05-01 06:12:30,6,217.0,2.42,524.27,0.0015,29.9,2,24,NORMAL
2026-05-01 06:12:40,6,219.7,5.84,1282.84,0.0018,29.5,1,24,ANOMALI
2026-05-01 06:12:50,6,221.7,1.97,437.2,0.0012,25.0,2,26,NORMAL
2026-05-01 06:13:00,6,216.6,6.74,1460.51,0.0015,27.2,0,24,ANOMALI
2026-05-01 06:13:10,6,221.8,1.94,429.31,0.0012,25.4,1,26,NORMAL
2026-05-01 06:13:20,6,222.7,1.96,435.61,0.0012,24.9,1,26,NORMAL
2026-05-01 06:13:30,6,222.5,1.49,331.12,0.0009,24.2,1,26,NORMAL
2026-05-01 06:13:40,6,215.2,0.05,10.58,0.0,29.3,0,OFF,NORMAL
2026-05-01 06:13:50,6,219.2,0.09,19.24,0.0001,29.7,0,OFF,NORMAL
2026-05-01 06:14:00,6,220.7,0.05,10.97,0.0,31.3,0,OFF,NORMAL
2026-05-01 06:14:10,6,221.1,2.91,642.31,0.0018,29.7,3,24,NORMAL
2026-05-01 06:14:20,6,223.7,2.18,488.32,0.0014,26.8,3,26,NORMAL
2026-05-01 06:14:30,6,220.7,3.07,678.12,0.0019,27.4,3,24,NORMAL
2026-05-01 06:14:40,6,216.0,0.07,15.46,0.0,31.7,0,OFF,NORMAL
2026-05-01 06:14:50,6,220.9,3.81,841.08,0.0023,30.6,3,22,NORMAL
2026-05-01 06:15:00,6,215.6,1.74,374.4,0.001,24.5,3,26,NORMAL
2026-05-01 06:15:10,6,219.4,2.01,441.07,0.0012,25.0,3,26,NORMAL
2026-05-01 06:15:20,6,223.4,2.77,619.07,0.0017,27.6,2,24,NORMAL
2026-05-01 06:15:30,6,215.9,3.11,671.23,0.0019,29.4,2,24,NORMAL
2026-05-01 06:15:40,6,216.7,1.69,366.87,0.001,26.5,1,26,NORMAL
2026-05-01 06:15:50,6,218.9,0.08,17.82,0.0,28.3,0,OFF,NORMAL
2026-05-01 06:16:00,6,218.3,4.04,882.49,0.0025,30.5,1,22,NORMAL
2026-05-01 06:16:10,6,222.5,0.05,10.02,0.0,28.3,0,OFF,NORMAL
2026-05-01 06:16:20,6,216.4,1.86,401.63,0.0011,25.2,1,26,NORMAL
2026-05-01 06:16:30,6,220.6,0.07,14.96,0.0,30.3,0,OFF,NORMAL
2026-05-01 06:16:40,6,218.4,2.19,477.87,0.0013,26.0,1,26,NORMAL
2026-05-01 06:16:50,6,217.2,0.03,6.79,0.0,25.5,0,OFF,NORMAL
2026-05-01 06:17:00,6,217.9,2.23,485.71,0.0013,25.2,3,26,NORMAL
2026-05-01 06:17:10,6,216.1,1.97,424.66,0.0012,25.9,1,26,NORMAL
2026-05-01 06:17:20,6,223.0,0.08,17.96,0.0,25.6,0,OFF,NORMAL
2026-05-01 06:17:30,6,221.0,2.08,459.81,0.0013,25.3,1,26,NORMAL
2026-05-01 06:17:40,6,217.2,6.49,1409.72,0.0,27.6,0,OFF,ANOMALI
2026-05-01 06:17:50,6,221.0,0.05,11.95,0.0,31.2,0,OFF,NORMAL
2026-05-01 06:18:00,6,222.8,1.68,373.5,0.001,25.7,3,26,NORMAL
2026-05-01 06:18:10,6,216.9,0.04,8.96,0.0,27.7,0,OFF,NORMAL
2026-05-01 06:18:20,6,216.3,1.6,347.06,0.001,25.7,3,26,NORMAL
2026-05-01 06:18:30,6,218.5,3.92,856.93,0.0024,30.8,2,22,NORMAL
2026-05-01 06:18:40,6,223.9,3.97,888.77,0.0025,32.0,2,22,NORMAL
2026-05-01 06:18:50,6,215.1,1.44,309.91,0.0009,26.1,1,26,NORMAL
2026-05-01 06:19:00,6,219.7,3.75,824.61,0.0023,30.0,2,22,NORMAL
2026-05-01 06:19:10,6,224.6,2.56,573.92,0.0016,28.1,1,24,NORMAL
2026-05-01 06:19:20,6,224.7,1.34,301.24,0.0008,24.2,2,26,NORMAL
2026-05-01 06:19:30,6,222.8,0.03,7.46,0.0,26.5,0,OFF,NORMAL
2026-05-01 06:19:40,6,224.3,0.06,13.23,0.0,31.0,0,OFF,NORMAL
2026-05-01 06:19:50,6,222.6,2.33,518.3,0.0014,28.0,2,24,NORMAL
2026-05-01 06:20:00,6,220.2,0.03,6.03,0.0,24.9,0,OFF,NORMAL
2026-05-01 06:20:10,6,221.0,1.86,411.9,0.0011,24.2,1,26,NORMAL
2026-05-01 06:20:20,6,217.8,4.11,894.8,0.0025,31.6,1,22,NORMAL
2026-05-01 06:20:30,6,222.1,1.43,318.06,0.0009,26.3,1,26,NORMAL
2026-05-01 06:20:40,6,217.6,6.15,1339.2,0.0014,28.5,1,24,ANOMALI
2026-05-01 06:20:50,6,221.3,1.86,411.84,0.0011,24.6,1,26,NORMAL
2026-05-01 06:21:00,6,224.4,0.04,7.89,0.0,26.2,0,OFF,NORMAL
2026-05-01 06:21:10,6,224.3,3.13,702.48,0.002,30.8,3,22,NORMAL
2026-05-01 06:21:20,6,218.4,3.9,851.19,0.0024,30.8,1,22,NORMAL
2026-05-01 06:21:30,6,221.0,2.6,575.51,0.0016,27.7,3,24,NORMAL
2026-05-01 06:21:40,6,222.9,2.58,574.74,0.0016,28.5,3,24,NORMAL
2026-05-01 06:21:50,6,218.1,0.04,8.89,0.0,25.6,0,OFF,NORMAL
2026-05-01 06:22:00,6,216.2,1.7,367.04,0.001,26.4,3,26,NORMAL
2026-05-01 06:22:10,6,218.4,1.86,406.27,0.0011,26.1,1,26,NORMAL
2026-05-01 06:22:20,6,221.6,0.04,8.81,0.0,27.6,0,OFF,NORMAL
2026-05-01 06:22:30,6,219.5,0.05,10.62,0.0,31.7,0,OFF,NORMAL
2026-05-01 06:22:40,6,219.9,1.68,369.78,0.001,25.7,2,26,NORMAL
2026-05-01 06:22:50,6,223.8,1.98,442.63,0.0012,24.8,2,26,NORMAL
2026-05-01 06:23:00,6,215.3,2.9,624.64,0.0017,27.9,2,24,NORMAL
2026-05-01 06:23:10,6,219.8,2.51,551.49,0.0015,27.8,3,24,NORMAL
2026-05-01 06:23:20,6,216.4,2.34,507.35,0.0014,27.0,1,24,NORMAL
2026-05-01 06:23:30,6,215.8,1.9,409.62,0.0011,25.4,2,26,NORMAL
2026-05-01 06:23:40,6,222.7,3.08,686.99,0.0019,29.2,2,24,NORMAL
2026-05-01 06:23:50,6,224.6,3.09,693.41,0.0019,29.3,1,24,NORMAL
2026-05-01 06:24:00,6,216.8,2.18,472.57,0.0013,26.2,2,26,NORMAL
2026-05-01 06:24:10,6,220.7,3.14,693.21,0.0019,29.7,3,24,NORMAL
2026-05-01 06:24:20,6,217.4,2.84,616.59,0.0017,28.3,1,24,NORMAL
2026-05-01 06:24:30,6,219.0,2.69,588.31,0.0016,28.6,3,24,NORMAL
2026-05-01 06:24:40,6,224.5,2.33,522.79,0.0015,28.3,2,24,NORMAL
2026-05-01 06:24:50,6,222.9,0.07,16.03,0.0,25.9,0,OFF,NORMAL
2026-05-01 06:25:00,6,217.3,3.45,750.41,0.0021,30.7,1,22,NORMAL
2026-05-01 06:25:10,6,224.9,2.36,530.43,0.0015,28.0,1,24,NORMAL
2026-05-01 06:25:20,6,218.6,4.02,877.73,0.0024,31.1,1,22,NORMAL
2026-05-01 06:25:30,6,222.5,2.29,508.78,0.0014,28.9,3,24,NORMAL
2026-05-01 06:25:40,6,223.1,3.47,773.29,0.0021,30.9,2,22,NORMAL
2026-05-01 06:25:50,6,216.1,1.63,352.32,0.001,26.7,1,26,NORMAL
2026-05-01 06:26:00,6,220.6,0.06,12.14,0.0,29.5,0,OFF,NORMAL
2026-05-01 06:26:10,6,217.5,2.01,437.98,0.0012,26.8,2,26,NORMAL
2026-05-01 06:26:20,6,218.8,2.41,526.36,0.0015,28.8,1,24,NORMAL
2026-05-01 06:26:30,6,219.1,3.75,821.64,0.0023,30.6,1,22,NORMAL
2026-05-01 06:26:40,6,217.9,2.63,573.42,0.0016,29.0,3,24,NORMAL
2026-05-01 06:26:50,6,219.8,3.92,862.14,0.0024,31.1,1,22,NORMAL
2026-05-01 06:27:00,6,223.0,6.45,1438.97,0.0017,29.5,3,24,ANOMALI
2026-05-01 06:27:10,6,221.5,1.93,428.48,0.0012,24.7,3,26,NORMAL
2026-05-01 06:27:20,6,222.6,2.54,566.51,0.0016,27.3,3,24,NORMAL
2026-05-01 06:27:30,6,221.0,0.08,16.85,0.0,26.3,0,OFF,NORMAL
2026-05-01 06:27:40,6,173.98207854883992,2.75,477.86,0.0013,24.3,3,26,ANOMALI
2026-05-01 06:27:50,6,224.9,2.13,478.37,0.0013,26.2,1,26,NORMAL
2026-05-01 06:28:00,6,217.8,1.46,317.5,0.0009,26.0,2,26,NORMAL
2026-05-01 06:28:10,6,216.7,1.5,325.62,0.0009,25.1,1,26,NORMAL
2026-05-01 06:28:20,6,222.9,3.78,842.27,0.0023,30.5,3,22,NORMAL
2026-05-01 06:28:30,6,220.7,3.67,810.8,0.0023,30.8,2,22,NORMAL
2026-05-01 06:28:40,6,222.9,0.08,18.3,0.0001,27.4,0,OFF,NORMAL
2026-05-01 06:28:50,6,224.0,1.53,342.93,0.001,26.7,1,26,NORMAL
2026-05-01 06:29:00,6,220.3,2.09,461.05,0.0013,26.1,2,26,NORMAL
2026-05-01 06:29:10,6,221.3,2.91,644.15,0.0018,27.1,2,24,NORMAL
2026-05-01 06:29:20,6,218.1,0.09,18.98,0.0001,27.6,0,OFF,NORMAL
2026-05-01 06:29:30,6,215.3,0.07,15.4,0.0,26.3,0,OFF,NORMAL
2026-05-01 06:29:40,6,223.2,0.06,13.13,0.0,25.8,0,OFF,NORMAL
2026-05-01 06:29:50,6,223.0,1.44,320.15,0.0009,26.9,3,26,NORMAL
2026-05-01 06:30:00,6,216.7,3.44,745.14,0.0021,31.3,3,22,NORMAL
2026-05-01 06:30:10,6,217.6,1.95,425.25,0.0012,24.5,2,26,NORMAL
2026-05-01 06:30:20,6,224.7,1.74,390.09,0.0011,26.6,3,26,NORMAL
2026-05-01 06:30:30,6,223.7,7.01,1569.21,0.0012,25.2,2,26,ANOMALI
2026-05-01 06:30:40,6,215.8,2.71,584.62,0.0016,28.9,1,24,NORMAL
2026-05-01 06:30:50,6,223.5,1.37,306.1,0.0009,26.3,1,26,NORMAL
2026-05-01 06:31:00,6,218.5,0.04,8.55,0.0,31.7,0,OFF,NORMAL
2026-05-01 06:31:10,6,216.0,0.04,7.91,0.0,27.9,0,OFF,NORMAL
2026-05-01 06:31:20,6,219.1,0.07,14.74,0.0,24.2,0,OFF,NORMAL
2026-05-01 06:31:30,6,221.3,0.03,6.89,0.0,30.8,0,OFF,NORMAL
2026-05-01 06:31:40,6,224.8,3.58,805.84,0.0,25.1,0,OFF,ANOMALI
2026-05-01 06:31:50,6,216.6,2.99,646.74,0.0018,27.5,2,24,NORMAL
2026-05-01 06:32:00,6,216.9,0.03,5.74,0.0,29.8,0,OFF,NORMAL
2026-05-01 06:32:10,6,218.0,0.09,19.96,0.0001,29.2,0,OFF,NORMAL
2026-05-01 06:32:20,6,224.3,2.46,551.66,0.0015,29.7,2,24,NORMAL
2026-05-01 06:32:30,6,222.5,2.9,644.51,0.0018,28.5,3,24,NORMAL
2026-05-01 06:32:40,6,222.5,0.06,12.89,0.0,30.6,0,OFF,NORMAL
2026-05-01 06:32:50,6,219.8,2.24,491.76,0.0014,24.3,2,26,NORMAL
2026-05-01 06:33:00,6,223.5,1.37,305.7,0.0008,26.6,2,26,NORMAL
2026-05-01 06:33:10,6,224.3,2.5,560.56,0.0016,28.0,3,24,NORMAL
2026-05-01 06:33:20,6,225.0,1.49,335.69,0.0009,25.9,1,26,NORMAL
2026-05-01 06:33:30,6,224.8,0.08,17.32,0.0,26.0,0,OFF,NORMAL
2026-05-01 06:33:40,6,223.9,2.55,570.55,0.0016,28.0,1,24,NORMAL
2026-05-01 06:33:50,6,220.2,6.15,1355.13,0.0016,27.9,0,24,ANOMALI
2026-05-01 06:34:00,6,220.3,2.81,619.28,0.0017,29.5,1,24,NORMAL
2026-05-01 06:34:10,6,177.45152195675718,3.52,625.28,0.0017,27.6,2,24,ANOMALI
2026-05-01 06:34:20,6,221.1,4.07,899.3,0.0025,31.4,2,22,NORMAL
2026-05-01 06:34:30,6,220.2,1.75,384.49,0.0011,25.2,1,26,NORMAL
2026-05-01 06:34:40,6,217.6,2.25,489.08,0.0014,24.3,3,26,NORMAL
2026-05-01 06:34:50,6,218.6,1.87,408.17,0.0011,26.9,1,26,NORMAL
2026-05-01 06:35:00,6,219.0,2.41,527.65,0.0015,27.4,3,24,NORMAL
2026-05-01 06:35:10,6,222.2,0.04,9.92,0.0,27.2,0,OFF,NORMAL
2026-05-01 06:35:20,6,221.6,0.03,7.62,0.0,26.0,0,OFF,NORMAL
2026-05-01 06:35:30,6,215.9,3.13,675.78,0.0019,29.2,1,24,NORMAL
2026-05-01 06:35:40,6,220.7,3.05,672.4,0.0019,28.6,1,24,NORMAL
2026-05-01 06:35:50,6,220.6,3.75,827.1,0.0023,31.3,3,22,NORMAL
2026-05-01 06:36:00,6,223.6,3.08,687.92,0.0019,29.9,2,24,NORMAL
2026-05-01 06:36:10,6,221.8,4.22,936.89,0.0026,31.6,2,22,NORMAL
2026-05-01 06:36:20,6,218.6,0.05,9.96,0.0,31.6,0,OFF,NORMAL
2026-05-01 06:36:30,6,215.5,4.16,896.13,0.0025,30.5,2,22,NORMAL
2026-05-01 06:36:40,6,216.4,2.23,482.61,0.0013,25.8,2,26,NORMAL
2026-05-01 06:36:50,6,218.2,2.95,644.41,0.0018,29.1,1,24,NORMAL
2026-05-01 06:37:00,6,219.2,2.13,467.15,0.0013,26.5,2,26,NORMAL
2026-05-01 06:37:10,6,224.1,2.34,524.14,0.0015,29.0,3,24,NORMAL
2026-05-01 06:37:20,6,218.3,3.02,659.84,0.0018,29.9,1,24,NORMAL
2026-05-01 06:37:30,6,220.6,3.02,665.95,0.0018,29.2,2,24,NORMAL
2026-05-01 06:37:40,6,219.2,3.98,872.6,0.0024,30.5,3,22,NORMAL
2026-05-01 06:37:50,6,223.9,3.64,815.28,0.0023,31.8,3,22,NORMAL
2026-05-01 06:38:00,6,222.3,1.69,375.39,0.001,26.2,2,26,NORMAL
2026-05-01 06:38:10,6,220.1,2.23,491.43,0.0014,24.7,3,26,NORMAL
2026-05-01 06:38:20,6,220.3,3.83,844.23,0.0023,30.7,1,22,NORMAL
2026-05-01 06:38:30,6,221.9,0.04,8.69,0.0,29.1,0,OFF,NORMAL
2026-05-01 06:38:40,6,160.2012872297656,3.55,569.41,0.0016,27.8,1,24,ANOMALI
2026-05-01 06:38:50,6,218.4,1.86,407.11,0.0011,24.8,1,26,NORMAL
2026-05-01 06:39:00,6,221.9,0.08,17.36,0.0,29.9,0,OFF,NORMAL
2026-05-01 06:39:10,6,216.7,4.13,895.81,0.0025,30.7,1,22,NORMAL
2026-05-01 06:39:20,6,217.0,0.03,6.86,0.0,28.2,0,OFF,NORMAL
2026-05-01 06:39:30,6,222.8,6.7,1492.43,0.001,26.3,1,26,ANOMALI
2026-05-01 06:39:40,6,219.9,1.71,376.6,0.001,25.7,1,26,NORMAL
2026-05-01 06:39:50,6,224.1,3.18,711.93,0.002,30.8,2,22,NORMAL
2026-05-01 06:40:00,6,218.0,0.09,19.16,0.0001,29.0,0,OFF,NORMAL
2026-05-01 06:40:10,6,220.9,0.04,9.04,0.0,27.8,0,OFF,NORMAL
2026-05-01 06:40:20,6,223.9,0.02,5.35,0.0,31.2,0,OFF,NORMAL
2026-05-01 06:40:30,6,215.7,3.06,659.45,0.0018,29.3,3,24,NORMAL
2026-05-01 06:40:40,6,215.4,3.48,749.3,0.0021,30.8,2,22,NORMAL
2026-05-01 06:40:50,6,220.4,1.86,409.49,0.0011,25.1,2,26,NORMAL
2026-05-01 06:41:00,6,223.8,3.86,863.82,0.0024,31.1,1,22,NORMAL
2026-05-01 06:41:10,6,215.5,0.07,15.53,0.0,30.5,0,OFF,NORMAL
2026-05-01 06:41:20,6,224.7,2.06,462.34,0.0013,25.0,1,26,NORMAL
2026-05-01 06:41:30,6,224.8,0.08,18.65,0.0001,26.6,0,OFF,NORMAL
2026-05-01 06:41:40,6,220.3,2.25,496.75,0.0014,26.1,3,26,NORMAL
2026-05-01 06:41:50,6,218.3,0.07,15.97,0.0,30.1,0,OFF,NORMAL
2026-05-01 06:42:00,6,223.2,1.77,394.72,0.0011,25.0,1,26,NORMAL
2026-05-01 06:42:10,6,221.7,0.03,7.61,0.0,29.1,0,OFF,NORMAL
2026-05-01 06:42:20,6,222.1,0.09,19.62,0.0001,28.6,0,OFF,NORMAL
2026-05-01 06:42:30,6,216.5,1.74,377.21,0.001,25.1,2,26,NORMAL
2026-05-01 06:42:40,6,224.5,2.63,589.74,0.0016,27.2,3,24,NORMAL
2026-05-01 06:42:50,6,219.7,1.4,308.02,0.0009,25.3,2,26,NORMAL
2026-05-01 06:43:00,6,218.2,2.39,520.61,0.0014,28.7,2,24,NORMAL
2026-05-01 06:43:10,6,223.6,3.23,721.29,0.002,30.5,2,22,NORMAL
2026-05-01 06:43:20,6,223.1,3.21,717.19,0.002,31.8,2,22,NORMAL
2026-05-01 06:43:30,6,217.0,0.06,13.16,0.0,26.3,0,OFF,NORMAL
2026-05-01 06:43:40,6,216.9,0.09,19.49,0.0001,28.7,0,OFF,NORMAL
2026-05-01 06:43:50,6,222.3,0.04,8.57,0.0,31.6,0,OFF,NORMAL
2026-05-01 06:44:00,6,219.8,0.06,13.06,0.0,28.6,0,OFF,NORMAL
2026-05-01 06:44:10,6,220.1,0.08,18.3,0.0001,30.8,0,OFF,NORMAL
2026-05-01 06:44:20,6,216.4,1.57,340.11,0.0009,26.6,1,26,NORMAL
2026-05-01 06:44:30,6,216.8,2.36,510.57,0.0014,27.5,3,24,NORMAL
2026-05-01 06:44:40,6,216.9,3.92,850.91,0.0024,31.7,1,22,NORMAL
2026-05-01 06:44:50,6,224.7,3.91,878.01,0.0024,31.2,3,22,NORMAL
2026-05-01 06:45:00,6,217.6,0.04,9.11,0.0,26.9,0,OFF,NORMAL
2026-05-01 06:45:10,6,222.9,3.9,869.18,0.0024,30.8,1,22,NORMAL
2026-05-01 06:45:20,6,224.2,0.02,5.05,0.0,29.2,0,OFF,NORMAL
2026-05-01 06:45:30,6,222.9,3.99,889.11,0.0025,30.4,3,22,NORMAL
2026-05-01 06:45:40,6,223.5,1.47,328.46,0.0009,26.3,1,26,NORMAL
2026-05-01 06:45:50,6,224.1,1.69,378.44,0.0011,24.7,3,26,NORMAL
2026-05-01 06:46:00,6,218.6,3.06,668.78,0.0019,29.3,3,24,NORMAL
2026-05-01 06:46:10,6,223.2,0.02,5.32,0.0,25.2,0,OFF,NORMAL
2026-05-01 06:46:20,6,221.4,3.47,768.16,0.0021,32.0,1,22,NORMAL
2026-05-01 06:46:30,6,223.1,2.12,473.69,0.0013,25.6,2,26,NORMAL
2026-05-01 06:46:40,6,217.2,2.3,498.52,0.0014,25.8,3,26,NORMAL
2026-05-01 06:46:50,6,216.5,6.37,1380.15,0.0014,26.4,1,26,ANOMALI
2026-05-01 06:47:00,6,220.1,3.5,769.89,0.0021,31.9,2,22,NORMAL
2026-05-01 06:47:10,6,219.7,2.03,445.88,0.0012,25.1,2,26,NORMAL
2026-05-01 06:47:20,6,219.6,2.86,628.39,0.0017,27.9,2,24,NORMAL
2026-05-01 06:47:30,6,215.2,4.3,925.74,0.0026,31.8,1,22,NORMAL
2026-05-01 06:47:40,6,218.7,3.75,821.11,0.0023,31.9,2,22,NORMAL
2026-05-01 06:47:50,6,224.0,1.36,304.24,0.0008,26.9,1,26,NORMAL
2026-05-01 06:48:00,6,218.1,4.12,899.57,0.0025,30.3,3,22,NORMAL
2026-05-01 06:48:10,6,218.7,3.94,862.15,0.0013,26.7,0,26,ANOMALI
2026-05-01 06:48:20,6,216.4,0.07,14.18,0.0,30.6,0,OFF,NORMAL
2026-05-01 06:48:30,6,219.2,0.05,11.99,0.0,25.2,0,OFF,NORMAL
2026-05-01 06:48:40,6,217.2,2.44,530.14,0.0015,28.4,3,24,NORMAL
2026-05-01 06:48:50,6,223.6,3.1,692.37,0.0019,27.6,3,24,NORMAL
2026-05-01 06:49:00,6,220.1,3.12,687.3,0.0019,29.2,2,24,NORMAL
2026-05-01 06:49:10,6,218.9,1.75,383.13,0.0011,24.5,3,26,NORMAL
2026-05-01 06:49:20,6,224.4,3.1,696.58,0.0019,28.3,3,24,NORMAL
2026-05-01 06:49:30,6,216.2,1.42,307.21,0.0009,25.3,1,26,NORMAL
2026-05-01 06:49:40,6,224.7,1.98,445.34,0.0012,26.0,2,26,NORMAL
2026-05-01 06:49:50,6,220.0,2.98,656.66,0.0018,29.8,3,24,NORMAL
2026-05-01 06:50:00,6,225.0,0.04,10.11,0.0,24.8,0,OFF,NORMAL
2026-05-01 06:50:10,6,221.1,0.05,11.05,0.0,27.3,0,OFF,NORMAL
2026-05-01 06:50:20,6,221.7,3.26,722.4,0.002,31.5,3,22,NORMAL
2026-05-01 06:50:30,6,218.3,2.92,637.7,0.0018,28.3,2,24,NORMAL
2026-05-01 06:50:40,6,224.1,4.01,899.1,0.0025,31.4,1,22,NORMAL
2026-05-01 06:50:50,6,219.6,0.07,15.28,0.0,31.1,0,OFF,NORMAL
2026-05-01 06:51:00,6,221.0,2.6,574.39,0.0016,29.7,2,24,NORMAL
2026-05-01 06:51:10,6,224.9,3.98,894.56,0.0025,31.3,1,22,NORMAL
2026-05-01 06:51:20,6,218.7,0.05,10.99,0.0,30.9,0,OFF,NORMAL
2026-05-01 06:51:30,6,217.1,3.05,662.23,0.0018,27.0,3,24,NORMAL
2026-05-01 06:51:40,6,215.7,3.53,761.9,0.0021,31.9,2,22,NORMAL
2026-05-01 06:51:50,6,218.6,3.05,666.87,0.0019,29.5,3,24,NORMAL
2026-05-01 06:52:00,6,222.9,3.39,756.64,0.0021,30.8,2,22,NORMAL
2026-05-01 06:52:10,6,224.7,6.47,1454.78,0.0017,28.7,0,24,ANOMALI
2026-05-01 06:52:20,6,218.3,4.27,931.96,0.0026,31.8,1,22,NORMAL
2026-05-01 06:52:30,6,218.9,0.03,6.61,0.0,26.1,0,OFF,NORMAL
2026-05-01 06:52:40,6,178.4274816716107,2.89,515.6,0.0014,27.9,2,24,ANOMALI
2026-05-01 06:52:50,6,218.6,1.58,344.69,0.001,26.6,3,26,NORMAL
2026-05-01 06:53:00,6,225.0,2.8,629.64,0.0017,27.1,1,24,NORMAL
2026-05-01 06:53:10,6,216.8,5.32,1152.8,0.0019,29.5,0,24,ANOMALI
2026-05-01 06:53:20,6,219.5,0.05,11.18,0.0,24.7,0,OFF,NORMAL
2026-05-01 06:53:30,6,222.4,0.08,18.48,0.0001,27.6,0,OFF,NORMAL
2026-05-01 06:53:40,6,223.1,2.4,535.63,0.0015,27.7,3,24,NORMAL
2026-05-01 06:53:50,6,221.1,2.43,536.9,0.0015,29.6,3,24,NORMAL
2026-05-01 06:54:00,6,218.8,2.77,606.3,0.0017,29.7,2,24,NORMAL
2026-05-01 06:54:10,6,224.4,3.28,735.24,0.002,31.2,1,22,NORMAL
2026-05-01 06:54:20,6,219.3,3.7,811.3,0.0023,31.4,1,22,NORMAL
2026-05-01 06:54:30,6,221.0,2.32,513.72,0.0014,28.6,3,24,NORMAL
2026-05-01 06:54:40,6,219.0,1.44,314.43,0.0009,26.5,2,26,NORMAL
2026-05-01 06:54:50,6,222.7,3.68,819.87,0.0023,30.6,3,22,NORMAL
2026-05-01 06:55:00,6,179.3026395972895,5.12,918.84,0.0026,30.5,3,22,ANOMALI
2026-05-01 06:55:10,6,217.4,3.38,735.44,0.002,31.1,1,22,ANOMALI
2026-05-01 06:55:20,6,224.1,3.14,703.3,0.002,30.3,2,22,NORMAL
2026-05-01 06:55:30,6,217.8,0.03,7.57,0.0,25.0,0,OFF,NORMAL
2026-05-01 06:55:40,6,221.7,2.15,476.07,0.0013,25.5,1,26,NORMAL
2026-05-01 06:55:50,6,219.3,2.03,444.11,0.0012,24.2,3,26,NORMAL
2026-05-01 06:56:00,6,221.8,1.73,383.91,0.0011,24.1,1,26,NORMAL
2026-05-01 06:56:10,6,217.3,0.09,18.84,0.0001,25.4,0,OFF,ANOMALI
2026-05-01 06:56:20,6,217.8,4.18,910.86,0.0025,31.4,3,22,NORMAL
2026-05-01 06:56:30,6,218.9,2.89,633.5,0.0018,29.2,1,24,NORMAL
2026-05-01 06:56:40,6,218.6,0.07,16.23,0.0,27.3,0,OFF,NORMAL
2026-05-01 06:56:50,6,220.6,0.06,14.26,0.0,25.0,0,OFF,NORMAL
2026-05-01 06:57:00,6,224.2,2.94,659.94,0.0018,27.7,2,24,NORMAL
2026-05-01 06:57:10,6,219.0,2.54,557.32,0.0015,28.0,3,24,NORMAL
2026-05-01 06:57:20,6,215.0,2.3,493.5,0.0014,25.0,2,26,NORMAL
2026-05-01 06:57:30,6,221.5,0.02,5.54,0.0,29.1,0,OFF,NORMAL
2026-05-01 06:57:40,6,217.5,3.65,793.59,0.0022,30.5,2,22,NORMAL
2026-05-01 06:57:50,6,222.4,0.08,17.24,0.0,29.3,0,OFF,NORMAL
2026-05-01 06:58:00,6,224.6,3.06,686.69,0.0019,27.2,2,24,NORMAL
2026-05-01 06:58:10,6,218.5,0.07,15.77,0.0,25.6,0,OFF,NORMAL
2026-05-01 06:58:20,6,219.3,0.03,6.24,0.0,25.1,0,OFF,NORMAL
2026-05-01 06:58:30,6,215.2,0.06,11.84,0.0,26.5,0,OFF,NORMAL
2026-05-01 06:58:40,6,221.0,0.05,10.99,0.0,27.6,0,OFF,NORMAL
2026-05-01 06:58:50,6,221.5,1.98,437.69,0.0012,24.3,2,26,NORMAL
2026-05-01 06:59:00,6,216.5,3.74,810.75,0.0023,31.3,2,22,NORMAL
2026-05-01 06:59:10,6,220.8,3.83,846.32,0.0024,31.7,3,22,NORMAL
2026-05-01 06:59:20,6,220.3,2.71,596.6,0.0017,29.0,1,24,NORMAL
2026-05-01 06:59:30,6,218.1,2.41,526.6,0.0015,28.4,2,24,NORMAL
2026-05-01 06:59:40,6,215.2,3.47,746.42,0.0021,31.8,3,22,NORMAL
2026-05-01 06:59:50,6,219.1,1.9,416.92,0.0012,25.1,1,26,NORMAL
2026-05-01 07:00:00,7,220.6,4.12,908.92,0.0025,30.8,7,22,NORMAL
2026-05-01 07:00:10,7,215.5,2.24,483.38,0.0013,25.0,6,26,NORMAL
2026-05-01 07:00:20,7,223.8,2.33,522.25,0.0015,29.0,3,24,NORMAL
2026-05-01 07:00:30,7,217.5,1.76,383.03,0.0011,25.0,10,26,NORMAL
2026-05-01 07:00:40,7,217.6,2.49,542.66,0.0015,27.1,10,24,NORMAL
2026-05-01 07:00:50,7,221.1,3.93,869.04,0.0024,30.6,8,22,NORMAL
2026-05-01 07:01:00,7,215.0,3.82,820.72,0.0023,30.5,7,22,NORMAL
2026-05-01 07:01:10,7,219.3,2.77,608.4,0.0017,27.6,10,24,NORMAL
2026-05-01 07:01:20,7,219.8,3.64,801.11,0.0022,30.5,5,22,NORMAL
2026-05-01 07:01:30,7,217.4,2.98,648.2,0.0018,27.8,6,24,NORMAL
2026-05-01 07:01:40,7,216.1,3.62,782.32,0.0022,30.2,8,22,NORMAL
2026-05-01 07:01:50,7,219.3,1.97,431.26,0.0012,25.8,8,26,NORMAL
2026-05-01 07:02:00,7,215.8,3.3,711.87,0.002,31.2,8,22,NORMAL
2026-05-01 07:02:10,7,224.0,1.76,393.19,0.0011,25.0,8,26,NORMAL
2026-05-01 07:02:20,7,223.1,2.21,492.12,0.0014,26.7,2,26,NORMAL
2026-05-01 07:02:30,7,215.1,2.21,476.11,0.0013,24.3,5,26,NORMAL
2026-05-01 07:02:40,7,220.6,2.04,449.82,0.0012,25.0,6,26,NORMAL
2026-05-01 07:02:50,7,222.8,2.95,656.31,0.0018,27.9,4,24,NORMAL
2026-05-01 07:03:00,7,224.3,1.74,390.9,0.0011,24.0,4,26,NORMAL
2026-05-01 07:03:10,7,220.6,2.29,504.76,0.0014,27.1,3,24,NORMAL
2026-05-01 07:03:20,7,217.6,2.0,435.38,0.0012,24.7,3,26,NORMAL
2026-05-01 07:03:30,7,221.3,4.16,920.56,0.0026,30.7,10,22,NORMAL
2026-05-01 07:03:40,7,215.3,1.48,317.6,0.0009,24.7,5,26,NORMAL
2026-05-01 07:03:50,7,217.3,3.15,684.18,0.0019,27.6,2,24,NORMAL
2026-05-01 07:04:00,7,224.8,1.37,307.02,0.0009,26.7,2,26,NORMAL
2026-05-01 07:04:10,7,224.5,1.81,406.19,0.0011,26.9,9,26,NORMAL
2026-05-01 07:04:20,7,217.1,1.55,337.5,0.0009,26.2,3,26,NORMAL
2026-05-01 07:04:30,7,216.2,1.87,405.34,0.0011,24.3,5,26,NORMAL
2026-05-01 07:04:40,7,216.1,2.7,583.29,0.0016,29.9,4,24,NORMAL
2026-05-01 07:04:50,7,219.7,3.82,839.96,0.0023,30.9,10,22,NORMAL
2026-05-01 07:05:00,7,216.7,3.95,856.62,0.0024,30.3,3,22,NORMAL
2026-05-01 07:05:10,7,217.4,3.48,756.62,0.0021,31.6,1,22,NORMAL
2026-05-01 07:05:20,7,225.0,2.81,631.19,0.0018,28.4,1,24,NORMAL
2026-05-01 07:05:30,7,156.60470192894473,2.5,392.23,0.0011,25.4,2,26,ANOMALI
2026-05-01 07:05:40,7,215.5,3.54,763.55,0.0021,31.8,8,22,NORMAL
2026-05-01 07:05:50,7,221.7,4.27,946.09,0.0026,31.0,4,22,NORMAL
2026-05-01 07:06:00,7,224.5,2.06,463.04,0.0013,26.4,2,26,NORMAL
2026-05-01 07:06:10,7,215.2,2.79,600.68,0.0017,28.5,2,24,NORMAL
2026-05-01 07:06:20,7,222.1,1.89,419.5,0.0012,26.6,5,26,NORMAL
2026-05-01 07:06:30,7,220.7,2.56,564.97,0.0016,27.5,9,24,NORMAL
2026-05-01 07:06:40,7,224.8,2.77,622.96,0.0017,27.3,10,24,NORMAL
2026-05-01 07:06:50,7,216.5,2.62,566.42,0.0016,29.2,8,24,NORMAL
2026-05-01 07:07:00,7,219.5,2.21,485.94,0.0013,24.3,7,26,NORMAL
2026-05-01 07:07:10,7,221.2,1.87,413.08,0.0011,25.8,4,26,NORMAL
2026-05-01 07:07:20,7,219.1,3.2,701.89,0.0019,30.7,5,22,NORMAL
2026-05-01 07:07:30,7,215.3,3.95,849.38,0.0024,30.7,6,22,NORMAL
2026-05-01 07:07:40,7,220.4,3.46,762.72,0.0021,31.9,7,22,NORMAL
2026-05-01 07:07:50,7,224.8,1.82,410.16,0.0011,24.6,6,26,NORMAL
2026-05-01 07:08:00,7,216.5,3.82,827.47,0.0023,31.0,8,22,NORMAL
2026-05-01 07:08:10,7,216.4,1.67,362.46,0.001,24.8,9,26,NORMAL
2026-05-01 07:08:20,7,223.1,1.76,392.14,0.0011,25.0,9,26,NORMAL
2026-05-01 07:08:30,7,223.5,2.77,619.19,0.0017,27.6,4,24,NORMAL
2026-05-01 07:08:40,7,219.7,3.72,818.2,0.0023,30.1,10,22,NORMAL
2026-05-01 07:08:50,7,218.2,3.15,686.59,0.0019,29.7,5,24,NORMAL
2026-05-01 07:09:00,7,216.1,3.85,831.09,0.0023,31.1,6,22,NORMAL
2026-05-01 07:09:10,7,219.2,2.77,606.18,0.0017,27.8,8,24,NORMAL
2026-05-01 07:09:20,7,224.9,3.47,779.64,0.0022,31.7,4,22,NORMAL
2026-05-01 07:09:30,7,215.2,5.81,1250.96,0.001,26.5,0,26,ANOMALI
2026-05-01 07:09:40,7,218.1,2.86,623.02,0.0017,29.1,4,24,NORMAL
2026-05-01 07:09:50,7,217.2,3.02,656.01,0.0018,28.0,1,24,NORMAL
2026-05-01 07:10:00,7,219.1,2.15,470.64,0.0013,24.7,9,26,NORMAL
2026-05-01 07:10:10,7,218.7,3.1,677.68,0.0019,28.8,1,24,NORMAL
2026-05-01 07:10:20,7,215.8,3.23,696.05,0.0019,28.0,6,24,NORMAL
2026-05-01 07:10:30,7,217.8,1.6,349.52,0.001,25.7,2,26,ANOMALI
2026-05-01 07:10:40,7,218.9,2.04,446.11,0.0012,25.7,4,26,NORMAL
2026-05-01 07:10:50,7,222.8,3.27,728.29,0.002,31.7,6,22,NORMAL
2026-05-01 07:11:00,7,219.8,1.56,343.83,0.001,25.4,7,26,NORMAL
2026-05-01 07:11:10,7,220.2,1.64,360.15,0.001,25.1,8,26,NORMAL
2026-05-01 07:11:20,7,217.6,2.99,651.09,0.0018,27.5,10,24,NORMAL
2026-05-01 07:11:30,7,215.5,2.56,551.52,0.0015,29.0,9,24,NORMAL
2026-05-01 07:11:40,7,218.4,4.32,943.54,0.0026,30.0,10,22,NORMAL
2026-05-01 07:11:50,7,216.6,2.08,450.5,0.0013,24.9,2,26,NORMAL
2026-05-01 07:12:00,7,217.4,2.98,647.9,0.0018,29.8,7,24,NORMAL
2026-05-01 07:12:10,7,219.5,1.41,310.36,0.0009,24.2,3,26,NORMAL
2026-05-01 07:12:20,7,218.4,4.19,914.66,0.0025,30.8,3,22,NORMAL
2026-05-01 07:12:30,7,218.5,3.2,699.97,0.0019,28.2,6,24,NORMAL
2026-05-01 07:12:40,7,218.4,3.11,680.26,0.0019,27.9,8,24,NORMAL
2026-05-01 07:12:50,7,220.9,8.61,1903.01,0.0013,25.6,2,26,ANOMALI
2026-05-01 07:13:00,7,215.5,4.31,929.16,0.0026,31.9,5,22,NORMAL
2026-05-01 07:13:10,7,221.1,3.09,683.88,0.0019,29.5,2,24,NORMAL
2026-05-01 07:13:20,7,216.0,1.73,373.72,0.001,24.6,4,26,NORMAL
2026-05-01 07:13:30,7,215.7,3.01,648.66,0.0018,27.0,4,24,NORMAL
2026-05-01 07:13:40,7,223.6,1.98,441.71,0.0012,25.0,3,26,NORMAL
2026-05-01 07:13:50,7,220.5,2.93,646.98,0.0018,29.4,7,24,NORMAL
2026-05-01 07:14:00,7,217.0,2.37,514.71,0.0014,27.1,6,24,NORMAL
2026-05-01 07:14:10,7,215.1,2.41,519.23,0.0014,29.2,9,24,NORMAL
2026-05-01 07:14:20,7,224.1,2.18,488.82,0.0014,24.8,10,26,NORMAL
2026-05-01 07:14:30,7,224.2,1.88,421.23,0.0012,24.8,3,26,NORMAL
2026-05-01 07:14:40,7,222.3,1.8,400.67,0.0011,24.0,10,26,NORMAL
2026-05-01 07:14:50,7,224.9,2.68,601.71,0.0017,29.6,4,24,NORMAL
2026-05-01 07:15:00,7,221.4,1.36,300.48,0.0008,25.8,1,26,NORMAL
2026-05-01 07:15:10,7,218.2,2.65,577.16,0.0016,27.9,5,24,NORMAL
2026-05-01 07:15:20,7,224.6,3.73,837.25,0.0023,30.1,1,22,NORMAL
2026-05-01 07:15:30,7,222.4,3.67,816.49,0.0023,31.4,6,22,NORMAL
2026-05-01 07:15:40,7,224.7,2.81,631.73,0.0018,27.8,5,24,NORMAL
2026-05-01 07:15:50,7,216.4,4.09,884.2,0.0025,31.7,3,22,NORMAL
2026-05-01 07:16:00,7,216.0,1.6,344.84,0.001,26.4,2,26,NORMAL
2026-05-01 07:16:10,7,219.0,1.81,395.42,0.0011,25.9,6,26,NORMAL
2026-05-01 07:16:20,7,222.5,2.14,475.13,0.0013,24.1,5,26,NORMAL
2026-05-01 07:16:30,7,221.0,3.41,754.5,0.0021,31.3,2,22,NORMAL
2026-05-01 07:16:40,7,223.8,2.61,585.01,0.0016,27.5,8,24,NORMAL
2026-05-01 07:16:50,7,215.3,3.2,689.9,0.0019,28.3,3,24,NORMAL
2026-05-01 07:17:00,7,224.5,2.0,449.29,0.0012,26.3,6,26,NORMAL
2026-05-01 07:17:10,7,215.2,4.29,922.27,0.0026,30.1,7,22,NORMAL
2026-05-01 07:17:20,7,216.8,1.54,333.29,0.0009,24.5,3,26,NORMAL
2026-05-01 07:17:30,7,222.4,2.57,572.2,0.0016,28.5,8,24,NORMAL
2026-05-01 07:17:40,7,223.0,1.95,434.55,0.0012,24.1,6,26,NORMAL
2026-05-01 07:17:50,7,220.8,4.03,890.45,0.0025,30.4,10,22,NORMAL
2026-05-01 07:18:00,7,216.4,4.38,948.27,0.0026,30.3,4,22,NORMAL
2026-05-01 07:18:10,7,219.3,2.39,524.8,0.0015,29.8,4,24,NORMAL
2026-05-01 07:18:20,7,215.3,1.78,383.7,0.0011,25.9,3,26,NORMAL
2026-05-01 07:18:30,7,223.0,3.42,763.3,0.0021,30.1,10,22,NORMAL
2026-05-01 07:18:40,7,224.8,3.03,681.19,0.0019,29.7,3,24,NORMAL
2026-05-01 07:18:50,7,222.2,2.41,535.46,0.0015,29.0,4,24,NORMAL
2026-05-01 07:19:00,7,219.9,2.31,507.85,0.0014,28.4,2,24,NORMAL
2026-05-01 07:19:10,7,224.3,4.19,938.92,0.0026,30.3,0,22,ANOMALI
2026-05-01 07:19:20,7,221.4,1.55,344.27,0.001,25.8,9,26,NORMAL
2026-05-01 07:19:30,7,223.3,2.9,646.84,0.0018,27.9,3,24,NORMAL
2026-05-01 07:19:40,7,220.7,1.69,373.93,0.001,25.4,10,26,NORMAL
2026-05-01 07:19:50,7,216.3,1.42,307.64,0.0009,25.4,8,26,NORMAL
2026-05-01 07:20:00,7,219.8,2.6,572.53,0.0016,28.8,8,24,NORMAL
2026-05-01 07:20:10,7,220.4,1.8,396.76,0.0011,24.8,10,26,NORMAL
2026-05-01 07:20:20,7,221.8,3.11,689.05,0.0019,29.8,8,24,NORMAL
2026-05-01 07:20:30,7,220.2,1.41,310.78,0.0009,24.5,1,26,NORMAL
2026-05-01 07:20:40,7,223.9,2.33,521.64,0.0014,27.0,10,24,NORMAL
2026-05-01 07:20:50,7,219.6,1.49,327.12,0.0009,24.9,3,26,NORMAL
2026-05-01 07:21:00,7,224.8,1.38,311.08,0.0009,26.8,5,26,NORMAL
2026-05-01 07:21:10,7,221.4,1.8,399.44,0.0011,26.2,6,26,NORMAL
2026-05-01 07:21:20,7,215.1,3.66,788.3,0.0022,31.2,8,22,ANOMALI
2026-05-01 07:21:30,7,216.4,4.14,895.52,0.0025,30.9,8,22,NORMAL
2026-05-01 07:21:40,7,223.1,2.38,531.37,0.0015,28.4,3,24,NORMAL
2026-05-01 07:21:50,7,222.6,2.37,528.4,0.0015,27.7,7,24,NORMAL
2026-05-01 07:22:00,7,223.4,2.45,547.92,0.0015,29.7,4,24,NORMAL
2026-05-01 07:22:10,7,220.9,3.32,733.72,0.002,31.3,8,22,NORMAL
2026-05-01 07:22:20,7,220.0,2.28,502.56,0.0014,27.7,10,24,NORMAL
2026-05-01 07:22:30,7,219.7,2.22,488.36,0.0014,25.9,8,26,NORMAL
2026-05-01 07:22:40,7,215.3,2.8,601.91,0.0017,28.1,4,24,NORMAL
2026-05-01 07:22:50,7,221.5,2.74,606.46,0.0017,29.8,1,24,NORMAL
2026-05-01 07:23:00,7,216.3,3.47,749.78,0.0021,31.7,6,22,NORMAL
2026-05-01 07:23:10,7,220.8,3.7,815.92,0.0023,30.2,7,22,NORMAL
2026-05-01 07:23:20,7,219.4,3.17,696.18,0.0019,29.6,5,24,ANOMALI
2026-05-01 07:23:30,7,222.3,4.21,936.45,0.0026,31.5,9,22,NORMAL
2026-05-01 07:23:40,7,221.1,2.29,505.46,0.0014,28.2,5,24,NORMAL
2026-05-01 07:23:50,7,215.7,3.22,695.58,0.0019,29.0,5,24,NORMAL
2026-05-01 07:24:00,7,217.1,1.64,356.09,0.001,24.1,10,26,NORMAL
2026-05-01 07:24:10,7,216.8,1.81,391.45,0.0011,26.7,2,26,NORMAL
2026-05-01 07:24:20,7,222.5,3.63,808.75,0.0022,30.2,3,22,NORMAL
2026-05-01 07:24:30,7,222.8,3.73,830.2,0.0023,31.0,2,22,NORMAL
2026-05-01 07:24:40,7,220.9,2.56,566.32,0.0016,29.9,7,24,NORMAL
2026-05-01 07:24:50,7,224.2,3.86,866.4,0.0024,31.4,4,22,NORMAL
2026-05-01 07:25:00,7,220.0,2.73,600.91,0.0017,29.2,10,24,NORMAL
2026-05-01 07:25:10,7,219.6,3.42,751.65,0.0021,31.2,6,22,NORMAL
2026-05-01 07:25:20,7,220.5,3.81,840.76,0.0023,32.0,3,22,NORMAL
2026-05-01 07:25:30,7,223.4,3.49,778.59,0.0022,31.9,3,22,NORMAL
2026-05-01 07:25:40,7,220.1,1.65,364.09,0.001,26.3,3,26,NORMAL
2026-05-01 07:25:50,7,216.5,4.26,922.56,0.0026,30.3,10,22,NORMAL
2026-05-01 07:26:00,7,218.4,2.73,596.72,0.0017,29.8,7,24,NORMAL
2026-05-01 07:26:10,7,216.4,1.64,355.53,0.001,26.6,9,26,NORMAL
2026-05-01 07:26:20,7,224.0,3.87,867.98,0.0024,30.3,1,22,NORMAL
2026-05-01 07:26:30,7,219.5,2.49,547.04,0.0015,29.0,1,24,NORMAL
2026-05-01 07:26:40,7,222.5,1.46,324.65,0.0009,24.3,2,26,NORMAL
2026-05-01 07:26:50,7,215.4,2.31,497.73,0.0014,26.1,1,26,NORMAL
2026-05-01 07:27:00,7,220.9,2.32,512.01,0.0014,29.9,3,24,NORMAL
2026-05-01 07:27:10,7,215.6,1.68,361.39,0.001,24.3,4,26,NORMAL
2026-05-01 07:27:20,7,217.8,3.17,690.97,0.0019,29.9,1,24,NORMAL
2026-05-01 07:27:30,7,218.7,2.99,654.28,0.0018,27.8,10,24,NORMAL
2026-05-01 07:27:40,7,220.3,3.17,698.38,0.0019,29.4,2,24,NORMAL
2026-05-01 07:27:50,7,215.0,2.05,441.37,0.0012,26.0,1,26,NORMAL
2026-05-01 07:28:00,7,219.6,2.94,646.43,0.0018,27.8,9,24,ANOMALI
2026-05-01 07:28:10,7,221.1,1.53,337.4,0.0009,26.6,2,26,NORMAL
2026-05-01 07:28:20,7,224.0,1.98,443.78,0.0012,26.5,6,26,NORMAL
2026-05-01 07:28:30,7,219.6,4.29,942.4,0.0026,31.9,9,22,NORMAL
2026-05-01 07:28:40,7,217.2,2.36,512.11,0.0014,28.9,8,24,NORMAL
2026-05-01 07:28:50,7,216.9,2.97,643.45,0.0018,28.4,9,24,NORMAL
2026-05-01 07:29:00,7,217.6,3.08,669.61,0.0019,29.7,8,24,NORMAL
2026-05-01 07:29:10,7,223.2,2.87,641.25,0.0018,27.0,1,24,NORMAL
2026-05-01 07:29:20,7,217.4,3.9,847.99,0.0024,30.3,1,22,NORMAL
2026-05-01 07:29:30,7,224.0,3.79,848.2,0.0024,31.2,9,22,NORMAL
2026-05-01 07:29:40,7,223.3,3.45,771.45,0.0021,30.0,5,22,NORMAL
2026-05-01 07:29:50,7,217.5,1.47,319.68,0.0009,25.1,5,26,NORMAL
2026-05-01 07:30:00,7,215.2,1.41,303.96,0.0008,26.0,9,26,NORMAL
2026-05-01 07:30:10,7,220.6,2.6,573.92,0.0016,27.5,3,24,NORMAL
2026-05-01 07:30:20,7,220.6,1.86,411.37,0.0011,26.2,5,26,NORMAL
2026-05-01 07:30:30,7,215.6,1.69,364.24,0.001,25.7,4,26,NORMAL
2026-05-01 07:30:40,7,215.4,2.39,515.76,0.0014,29.6,9,24,NORMAL
2026-05-01 07:30:50,7,219.9,2.49,546.91,0.0015,27.2,3,24,NORMAL
2026-05-01 07:31:00,7,221.9,2.17,480.83,0.0013,24.3,4,26,NORMAL
2026-05-01 07:31:10,7,163.52226580423363,3.16,516.85,0.0014,27.9,7,24,ANOMALI
2026-05-01 07:31:20,7,221.4,3.29,727.49,0.002,30.2,4,22,NORMAL
2026-05-01 07:31:30,7,216.4,1.8,388.97,0.0011,26.6,10,26,NORMAL
2026-05-01 07:31:40,7,217.8,1.85,402.54,0.0011,24.0,8,26,NORMAL
2026-05-01 07:31:50,7,222.0,2.92,648.36,0.0018,27.8,3,24,NORMAL
2026-05-01 07:32:00,7,224.8,2.69,604.65,0.0017,29.4,6,24,ANOMALI
2026-05-01 07:32:10,7,220.5,3.05,672.25,0.0019,27.1,10,24,NORMAL
2026-05-01 07:32:20,7,220.8,3.59,792.97,0.0022,30.6,4,22,NORMAL
2026-05-01 07:32:30,7,221.5,4.03,893.42,0.0025,31.3,9,22,NORMAL
2026-05-01 07:32:40,7,224.2,3.26,730.08,0.002,31.0,10,22,NORMAL
2026-05-01 07:32:50,7,222.1,2.43,540.13,0.0015,27.6,6,24,NORMAL
2026-05-01 07:33:00,7,222.1,1.47,325.53,0.0009,26.5,2,26,NORMAL
2026-05-01 07:33:10,7,224.8,1.44,323.46,0.0009,26.3,1,26,NORMAL
2026-05-01 07:33:20,7,219.8,1.74,381.8,0.0011,24.4,5,26,NORMAL
2026-05-01 07:33:30,7,216.2,1.43,309.87,0.0009,25.1,5,26,NORMAL
2026-05-01 07:33:40,7,216.0,2.25,485.26,0.0013,24.7,2,26,NORMAL
2026-05-01 07:33:50,7,218.6,2.37,517.56,0.0014,28.2,1,24,NORMAL
2026-05-01 07:34:00,7,219.8,1.89,415.05,0.0012,24.2,8,26,NORMAL
2026-05-01 07:34:10,7,219.9,2.2,483.61,0.0013,24.6,5,26,NORMAL
2026-05-01 07:34:20,7,222.3,3.84,852.61,0.0024,31.2,5,22,NORMAL
2026-05-01 07:34:30,7,221.4,3.52,779.43,0.0022,30.0,10,22,NORMAL
2026-05-01 07:34:40,7,224.3,1.93,433.75,0.0012,26.9,2,26,NORMAL
2026-05-01 07:34:50,7,222.7,4.11,915.62,0.0025,31.2,5,22,NORMAL
2026-05-01 07:35:00,7,215.5,1.76,380.07,0.0011,25.6,3,26,NORMAL
2026-05-01 07:35:10,7,224.9,3.11,700.15,0.0019,31.7,9,22,NORMAL
2026-05-01 07:35:20,7,222.6,3.85,856.91,0.0024,31.6,1,22,NORMAL
2026-05-01 07:35:30,7,222.2,2.31,512.32,0.0014,29.0,10,24,NORMAL
2026-05-01 07:35:40,7,218.3,3.53,769.9,0.0021,30.7,6,22,NORMAL
2026-05-01 07:35:50,7,224.2,3.69,827.65,0.0023,30.1,4,22,NORMAL
2026-05-01 07:36:00,7,222.9,2.38,531.18,0.0015,28.3,2,24,NORMAL
2026-05-01 07:36:10,7,222.2,1.79,397.11,0.0011,25.0,2,26,NORMAL
2026-05-01 07:36:20,7,222.0,3.14,696.04,0.0019,27.4,1,24,NORMAL
2026-05-01 07:36:30,7,216.6,3.14,680.63,0.0019,27.6,1,24,NORMAL
2026-05-01 07:36:40,7,221.6,1.37,304.46,0.0008,25.0,7,26,NORMAL
2026-05-01 07:36:50,7,221.0,1.87,413.2,0.0011,25.4,4,26,NORMAL
2026-05-01 07:37:00,7,216.2,1.76,380.6,0.0011,24.5,3,26,NORMAL
2026-05-01 07:37:10,7,223.7,3.72,831.7,0.0023,30.4,7,22,NORMAL
2026-05-01 07:37:20,7,216.2,2.8,604.55,0.0017,29.8,9,24,NORMAL
2026-05-01 07:37:30,7,216.1,2.44,528.13,0.0015,29.2,7,24,NORMAL
2026-05-01 07:37:40,7,219.6,1.6,351.56,0.001,24.2,5,26,NORMAL
2026-05-01 07:37:50,7,215.2,4.0,861.65,0.0024,30.5,9,22,NORMAL
2026-05-01 07:38:00,7,223.3,7.8,1742.74,0.0024,30.0,1,22,ANOMALI
2026-05-01 07:38:10,7,224.7,1.39,312.92,0.0009,26.4,9,26,NORMAL
2026-05-01 07:38:20,7,218.0,2.77,603.42,0.0017,28.9,9,24,NORMAL
2026-05-01 07:38:30,7,220.9,2.4,529.48,0.0015,29.6,1,24,NORMAL
2026-05-01 07:38:40,7,218.6,2.16,472.65,0.0013,25.5,9,26,NORMAL
2026-05-01 07:38:50,7,223.2,3.3,737.17,0.002,31.5,6,22,NORMAL
2026-05-01 07:39:00,7,222.6,2.03,452.73,0.0013,26.6,9,26,NORMAL
2026-05-01 07:39:10,7,217.1,2.66,578.46,0.0016,27.4,6,24,NORMAL
2026-05-01 07:39:20,7,217.7,2.21,480.48,0.0013,24.4,8,26,NORMAL
2026-05-01 07:39:30,7,216.9,2.34,507.94,0.0014,28.9,10,24,NORMAL
2026-05-01 07:39:40,7,220.9,2.12,468.77,0.0013,26.3,7,26,NORMAL
2026-05-01 07:39:50,7,222.8,1.35,300.77,0.0008,26.3,4,26,NORMAL
2026-05-01 07:40:00,7,216.4,2.7,584.63,0.0016,27.1,9,24,NORMAL
2026-05-01 07:40:10,7,223.8,2.97,664.23,0.0018,29.3,8,24,NORMAL
2026-05-01 07:40:20,7,220.9,1.83,404.85,0.0011,25.9,4,26,NORMAL
2026-05-01 07:40:30,7,222.5,2.49,554.24,0.0015,28.0,2,24,NORMAL
2026-05-01 07:40:40,7,222.9,2.78,619.76,0.0017,27.9,2,24,NORMAL
2026-05-01 07:40:50,7,221.2,1.94,428.74,0.0012,26.1,3,26,NORMAL
2026-05-01 07:41:00,7,219.0,2.36,516.98,0.0014,27.9,1,24,NORMAL
2026-05-01 07:41:10,7,216.5,3.32,718.2,0.002,31.4,5,22,NORMAL
2026-05-01 07:41:20,7,223.6,2.92,653.2,0.0018,28.7,2,24,NORMAL
2026-05-01 07:41:30,7,222.2,3.71,825.21,0.0023,30.4,8,22,NORMAL
2026-05-01 07:41:40,7,224.1,1.42,317.31,0.0009,24.9,8,26,NORMAL
2026-05-01 07:41:50,7,219.3,2.1,459.46,0.0013,25.8,10,26,NORMAL
2026-05-01 07:42:00,7,219.9,3.18,698.2,0.0019,28.0,6,24,NORMAL
2026-05-01 07:42:10,7,216.6,3.5,758.41,0.0021,31.1,8,22,ANOMALI
2026-05-01 07:42:20,7,218.1,2.0,436.73,0.0012,25.6,5,26,NORMAL
2026-05-01 07:42:30,7,218.2,2.19,477.04,0.0013,25.9,9,26,NORMAL
2026-05-01 07:42:40,7,217.7,2.82,612.98,0.0017,27.1,7,24,NORMAL
2026-05-01 07:42:50,7,222.7,2.84,633.33,0.0018,29.6,5,24,NORMAL
2026-05-01 07:43:00,7,220.3,1.71,375.94,0.001,24.7,6,26,NORMAL
2026-05-01 07:43:10,7,216.8,2.99,649.09,0.0018,28.1,2,24,NORMAL
2026-05-01 07:43:20,7,222.8,3.57,795.52,0.0022,31.0,5,22,NORMAL
2026-05-01 07:43:30,7,216.5,3.29,712.86,0.002,30.1,2,22,NORMAL
2026-05-01 07:43:40,7,215.1,1.58,339.54,0.0009,26.3,4,26,NORMAL
2026-05-01 07:43:50,7,215.1,1.53,330.12,0.0009,26.8,4,26,NORMAL
2026-05-01 07:44:00,7,216.3,1.58,342.74,0.001,25.8,6,26,NORMAL
2026-05-01 07:44:10,7,219.3,1.82,398.1,0.0011,24.0,1,26,NORMAL
2026-05-01 07:44:20,7,215.0,2.64,566.61,0.0016,28.6,5,24,NORMAL
2026-05-01 07:44:30,7,218.5,2.51,547.83,0.0015,28.0,7,24,NORMAL
2026-05-01 07:44:40,7,223.8,2.95,659.66,0.0018,29.8,5,24,NORMAL
2026-05-01 07:44:50,7,217.9,3.14,684.86,0.0019,27.4,9,24,NORMAL
2026-05-01 07:45:00,7,224.8,3.74,841.03,0.0023,31.9,6,22,NORMAL
2026-05-01 07:45:10,7,219.9,3.59,789.92,0.0022,30.3,9,22,NORMAL
2026-05-01 07:45:20,7,215.6,2.01,433.79,0.0012,25.3,9,26,NORMAL
2026-05-01 07:45:30,7,221.3,4.14,915.1,0.0025,30.3,4,22,NORMAL
2026-05-01 07:45:40,7,218.0,3.75,817.46,0.0023,30.8,2,22,NORMAL
2026-05-01 07:45:50,7,216.6,1.4,303.16,0.0008,25.4,9,26,NORMAL
2026-05-01 07:46:00,7,224.4,1.5,337.46,0.0009,26.1,5,26,NORMAL
2026-05-01 07:46:10,7,222.1,2.07,460.16,0.0013,24.4,3,26,NORMAL
2026-05-01 07:46:20,7,219.2,2.92,640.89,0.0018,27.1,9,24,NORMAL
2026-05-01 07:46:30,7,221.3,1.91,422.08,0.0012,26.1,5,26,NORMAL
2026-05-01 07:46:40,7,217.5,2.16,469.46,0.0013,24.1,2,26,NORMAL
2026-05-01 07:46:50,7,223.7,2.2,492.81,0.0014,25.2,6,26,NORMAL
2026-05-01 07:47:00,7,215.5,4.23,911.8,0.0025,31.9,8,22,NORMAL
2026-05-01 07:47:10,7,216.5,2.61,564.18,0.0016,27.4,5,24,NORMAL
2026-05-01 07:47:20,7,217.7,3.3,717.98,0.002,31.3,5,22,NORMAL
2026-05-01 07:47:30,7,222.8,2.65,590.82,0.0016,28.2,2,24,NORMAL
2026-05-01 07:47:40,7,221.1,2.88,637.4,0.0018,28.5,9,24,NORMAL
2026-05-01 07:47:50,7,215.5,3.15,678.22,0.0019,29.5,10,24,NORMAL
2026-05-01 07:48:00,7,215.4,3.33,716.92,0.002,30.1,6,22,NORMAL
2026-05-01 07:48:10,7,218.3,3.87,845.89,0.0023,30.0,5,22,NORMAL
2026-05-01 07:48:20,7,218.0,4.26,928.92,0.0026,30.6,6,22,NORMAL
2026-05-01 07:48:30,7,217.3,1.73,375.37,0.001,24.5,1,26,NORMAL
2026-05-01 07:48:40,7,161.3915846675428,3.03,489.09,0.0014,24.1,4,26,ANOMALI
2026-05-01 07:48:50,7,215.7,3.91,843.08,0.0023,30.0,3,22,NORMAL
2026-05-01 07:49:00,7,222.4,1.67,371.88,0.001,26.3,1,26,NORMAL
2026-05-01 07:49:10,7,219.1,3.48,762.46,0.0021,31.9,3,22,NORMAL
2026-05-01 07:49:20,7,223.3,2.39,534.6,0.0015,28.1,1,24,NORMAL
2026-05-01 07:49:30,7,217.6,2.38,518.9,0.0014,29.0,2,24,NORMAL
2026-05-01 07:49:40,7,220.4,3.49,768.66,0.0021,31.0,2,22,NORMAL
2026-05-01 07:49:50,7,221.2,1.52,335.14,0.0009,25.7,2,26,NORMAL
2026-05-01 07:50:00,7,221.7,2.69,596.91,0.0017,29.9,6,24,NORMAL
2026-05-01 07:50:10,7,219.9,2.19,481.03,0.0013,24.9,3,26,NORMAL
2026-05-01 07:50:20,7,220.4,1.82,401.44,0.0011,24.5,1,26,NORMAL
2026-05-01 07:50:30,7,220.1,1.96,430.48,0.0012,26.6,5,26,NORMAL
2026-05-01 07:50:40,7,215.5,2.86,616.48,0.0017,27.7,4,24,NORMAL
2026-05-01 07:50:50,7,219.0,2.58,565.66,0.0016,27.8,2,24,NORMAL
2026-05-01 07:51:00,7,218.8,1.44,315.97,0.0009,24.1,6,26,NORMAL
2026-05-01 07:51:10,7,217.4,1.57,342.27,0.001,25.3,9,26,NORMAL
2026-05-01 07:51:20,7,220.6,3.03,668.09,0.0019,28.1,6,24,NORMAL
2026-05-01 07:51:30,7,221.7,2.26,501.89,0.0014,28.1,2,24,NORMAL
2026-05-01 07:51:40,7,221.4,1.65,364.28,0.001,24.6,10,26,NORMAL
2026-05-01 07:51:50,7,216.3,2.26,489.01,0.0014,25.9,4,26,NORMAL
2026-05-01 07:52:00,7,217.4,1.98,430.32,0.0012,24.7,3,26,NORMAL
2026-05-01 07:52:10,7,221.9,4.25,942.99,0.0026,31.7,8,22,NORMAL
2026-05-01 07:52:20,7,220.2,3.8,837.42,0.0023,31.6,7,22,NORMAL
2026-05-01 07:52:30,7,224.9,4.17,937.48,0.0026,31.1,10,22,NORMAL
2026-05-01 07:52:40,7,218.7,4.23,925.28,0.0026,30.9,10,22,NORMAL
2026-05-01 07:52:50,7,223.3,3.89,868.55,0.0024,31.6,2,22,NORMAL
2026-05-01 07:53:00,7,218.0,1.94,423.34,0.0012,26.5,2,26,NORMAL
2026-05-01 07:53:10,7,221.1,4.01,885.76,0.0025,30.1,1,22,NORMAL
2026-05-01 07:53:20,7,215.4,2.77,597.21,0.0017,27.7,5,24,NORMAL
2026-05-01 07:53:30,7,222.3,2.11,468.69,0.0013,24.6,3,26,NORMAL
2026-05-01 07:53:40,7,224.5,3.57,801.64,0.0022,31.3,6,22,NORMAL
2026-05-01 07:53:50,7,219.1,2.71,594.32,0.0017,28.8,4,24,NORMAL
2026-05-01 07:54:00,7,216.7,6.59,1428.93,0.0015,28.1,0,24,ANOMALI
2026-05-01 07:54:10,7,219.8,2.8,615.77,0.0017,27.2,5,24,NORMAL
2026-05-01 07:54:20,7,220.9,4.0,884.57,0.0025,31.1,10,22,NORMAL
2026-05-01 07:54:30,7,215.6,2.29,494.13,0.0014,24.4,8,26,NORMAL
2026-05-01 07:54:40,7,220.7,3.06,675.82,0.0019,29.6,4,24,NORMAL
2026-05-01 07:54:50,7,221.6,3.49,772.49,0.0021,31.0,4,22,NORMAL
2026-05-01 07:55:00,7,217.8,2.81,611.4,0.0017,28.6,7,24,NORMAL
2026-05-01 07:55:10,7,217.8,1.75,380.68,0.0011,26.3,2,26,NORMAL
2026-05-01 07:55:20,7,218.9,2.94,642.98,0.0018,29.4,2,24,NORMAL
2026-05-01 07:55:30,7,215.4,1.4,301.21,0.0008,25.9,10,26,NORMAL
2026-05-01 07:55:40,7,224.7,1.94,435.42,0.0012,25.5,3,26,NORMAL
2026-05-01 07:55:50,7,215.8,3.76,811.39,0.0023,31.9,10,22,NORMAL
2026-05-01 07:56:00,7,215.1,3.98,855.93,0.0024,30.6,9,22,NORMAL
2026-05-01 07:56:10,7,216.9,1.58,342.14,0.001,24.5,10,26,NORMAL
2026-05-01 07:56:20,7,218.0,3.81,831.32,0.0023,31.0,1,22,NORMAL
2026-05-01 07:56:30,7,215.6,2.01,433.35,0.0012,25.1,10,26,NORMAL
2026-05-01 07:56:40,7,219.4,2.06,452.69,0.0013,24.5,7,26,NORMAL
2026-05-01 07:56:50,7,222.5,2.13,473.42,0.0013,26.7,5,26,NORMAL
2026-05-01 07:57:00,7,219.4,2.57,564.11,0.0016,27.4,7,24,NORMAL
2026-05-01 07:57:10,7,220.8,1.92,424.58,0.0012,24.1,1,26,NORMAL
2026-05-01 07:57:20,7,215.6,2.86,617.12,0.0017,29.2,8,24,ANOMALI
2026-05-01 07:57:30,7,220.8,1.77,390.44,0.0011,24.4,10,26,NORMAL
2026-05-01 07:57:40,7,221.4,4.67,1032.96,0.0011,26.8,0,26,ANOMALI
2026-05-01 07:57:50,7,221.3,3.83,847.19,0.0024,31.9,7,22,NORMAL
2026-05-01 07:58:00,7,223.5,3.95,883.6,0.0025,31.8,5,22,NORMAL
2026-05-01 07:58:10,7,220.8,2.06,454.73,0.0013,24.8,5,26,NORMAL
2026-05-01 07:58:20,7,219.4,1.49,326.08,0.0009,26.9,4,26,NORMAL
2026-05-01 07:58:30,7,217.6,1.69,367.14,0.001,25.2,6,26,NORMAL
2026-05-01 07:58:40,7,223.7,3.77,843.95,0.0023,30.9,4,22,NORMAL
2026-05-01 07:58:50,7,222.9,8.91,1985.83,0.0008,26.0,5,26,ANOMALI
2026-05-01 07:59:00,7,223.5,2.74,611.93,0.0017,28.7,2,24,NORMAL
2026-05-01 07:59:10,7,224.8,2.02,453.84,0.0013,24.7,3,26,NORMAL
2026-05-01 07:59:20,7,221.7,2.65,588.19,0.0016,28.2,7,24,NORMAL
2026-05-01 07:59:30,7,217.7,3.32,722.59,0.002,30.6,5,22,NORMAL
2026-05-01 07:59:40,7,218.4,1.66,362.11,0.001,25.6,4,26,NORMAL
2026-05-01 07:59:50,7,220.9,2.71,599.3,0.0017,27.2,7,24,NORMAL
2026-05-01 08:00:00,8,222.2,2.41,535.2,0.0015,29.2,1,24,NORMAL
2026-05-01 08:00:10,8,218.1,1.71,373.41,0.001,26.5,3,26,NORMAL
2026-05-01 08:00:20,8,221.8,4.12,914.09,0.0025,30.3,10,22,NORMAL
2026-05-01 08:00:30,8,215.6,4.15,895.13,0.0025,31.5,2,22,NORMAL
2026-05-01 08:00:40,8,216.7,1.96,425.45,0.0012,26.3,9,26,NORMAL
2026-05-01 08:00:50,8,215.9,4.17,899.7,0.0025,31.8,4,22,NORMAL
2026-05-01 08:01:00,8,223.4,2.86,637.88,0.0018,29.1,6,24,NORMAL
2026-05-01 08:01:10,8,222.8,3.82,851.71,0.0024,30.8,3,22,NORMAL
2026-05-01 08:01:20,8,222.3,2.47,549.38,0.0015,28.8,8,24,NORMAL
2026-05-01 08:01:30,8,216.0,3.14,678.89,0.0019,28.4,10,24,NORMAL
2026-05-01 08:01:40,8,223.1,6.62,1477.41,0.0009,26.0,0,26,ANOMALI
2026-05-01 08:01:50,8,222.9,1.7,378.55,0.0011,24.1,3,26,NORMAL
2026-05-01 08:02:00,8,217.5,3.96,862.19,0.0024,30.8,9,22,NORMAL
2026-05-01 08:02:10,8,223.0,3.89,867.01,0.0024,31.8,3,22,NORMAL
2026-05-01 08:02:20,8,217.7,1.91,416.78,0.0012,26.1,7,26,NORMAL
2026-05-01 08:02:30,8,219.5,2.72,597.03,0.0017,27.9,3,24,NORMAL
2026-05-01 08:02:40,8,224.4,3.66,821.9,0.0023,30.8,9,22,NORMAL
2026-05-01 08:02:50,8,219.3,2.36,517.97,0.0014,28.5,10,24,NORMAL
2026-05-01 08:03:00,8,222.1,2.65,587.8,0.0016,27.1,7,24,NORMAL
2026-05-01 08:03:10,8,216.7,2.56,555.06,0.0015,28.2,3,24,NORMAL
2026-05-01 08:03:20,8,224.0,2.31,517.23,0.0014,28.0,2,24,NORMAL
2026-05-01 08:03:30,8,224.3,1.44,323.29,0.0009,26.8,2,26,NORMAL
2026-05-01 08:03:40,8,218.3,2.01,439.26,0.0012,26.1,2,26,NORMAL
2026-05-01 08:03:50,8,221.4,2.06,456.12,0.0013,24.2,1,26,NORMAL
2026-05-01 08:04:00,8,220.7,4.16,917.24,0.0025,31.2,5,22,NORMAL
2026-05-01 08:04:10,8,220.8,1.76,389.53,0.0011,24.1,3,26,NORMAL
2026-05-01 08:04:20,8,216.7,2.52,545.3,0.0015,28.0,4,24,NORMAL
2026-05-01 08:04:30,8,222.9,2.5,556.61,0.0015,27.0,6,24,NORMAL
2026-05-01 08:04:40,8,223.1,3.87,863.54,0.0024,31.8,8,22,NORMAL
2026-05-01 08:04:50,8,222.6,4.03,897.34,0.0025,30.5,5,22,NORMAL
2026-05-01 08:05:00,8,221.1,1.54,340.99,0.0009,25.1,3,26,NORMAL
2026-05-01 08:05:10,8,215.7,3.58,771.17,0.0021,30.3,6,22,NORMAL
2026-05-01 08:05:20,8,224.4,2.27,510.44,0.0014,27.9,9,24,NORMAL
2026-05-01 08:05:30,8,216.8,2.01,436.71,0.0012,25.4,8,26,NORMAL
2026-05-01 08:05:40,8,219.7,2.41,530.25,0.0015,29.9,2,24,NORMAL
2026-05-01 08:05:50,8,218.1,3.23,703.65,0.002,30.7,2,22,NORMAL
2026-05-01 08:06:00,8,221.7,2.33,517.33,0.0014,29.5,9,24,NORMAL
2026-05-01 08:06:10,8,222.7,2.03,452.86,0.0013,25.4,5,26,NORMAL
2026-05-01 08:06:20,8,224.9,2.44,547.94,0.0015,27.0,9,24,NORMAL
2026-05-01 08:06:30,8,219.7,5.96,1308.54,0.0013,24.5,2,26,ANOMALI
2026-05-01 08:06:40,8,216.8,1.6,345.86,0.001,25.0,6,26,NORMAL
2026-05-01 08:06:50,8,215.5,2.0,430.51,0.0012,24.5,1,26,NORMAL
2026-05-01 08:07:00,8,219.0,2.96,648.91,0.0018,28.7,1,24,NORMAL
2026-05-01 08:07:10,8,219.1,1.41,309.59,0.0009,26.0,10,26,NORMAL
2026-05-01 08:07:20,8,224.1,2.63,589.2,0.0016,29.1,2,24,NORMAL
2026-05-01 08:07:30,8,217.9,2.93,638.51,0.0018,27.6,3,24,NORMAL
2026-05-01 08:07:40,8,218.0,1.85,404.04,0.0011,26.3,6,26,NORMAL
2026-05-01 08:07:50,8,219.7,3.33,732.09,0.002,31.6,2,22,NORMAL
2026-05-01 08:08:00,8,215.5,2.61,562.46,0.0016,29.3,5,24,NORMAL
2026-05-01 08:08:10,8,221.0,2.47,546.61,0.0015,28.5,9,24,NORMAL
2026-05-01 08:08:20,8,219.9,2.69,590.95,0.0016,27.4,6,24,NORMAL
2026-05-01 08:08:30,8,216.4,2.14,462.67,0.0013,25.8,8,26,NORMAL
2026-05-01 08:08:40,8,221.3,3.6,796.32,0.0022,31.5,5,22,NORMAL
2026-05-01 08:08:50,8,216.8,3.62,784.15,0.0022,31.6,2,22,NORMAL
2026-05-01 08:09:00,8,218.1,2.5,544.59,0.0015,28.0,6,24,NORMAL
2026-05-01 08:09:10,8,219.0,1.9,417.13,0.0012,25.0,1,26,NORMAL
2026-05-01 08:09:20,8,217.9,3.9,848.75,0.0024,30.8,9,22,NORMAL
2026-05-01 08:09:30,8,215.9,3.0,647.07,0.0018,28.6,2,24,NORMAL
2026-05-01 08:09:40,8,220.5,4.03,888.12,0.0025,31.0,2,22,NORMAL
2026-05-01 08:09:50,8,223.0,2.39,532.42,0.0015,29.8,10,24,NORMAL
2026-05-01 08:10:00,8,219.3,2.35,515.7,0.0014,29.6,4,24,NORMAL
2026-05-01 08:10:10,8,217.2,2.8,607.46,0.0017,29.3,6,24,NORMAL
2026-05-01 08:10:20,8,222.5,4.22,939.25,0.0026,31.7,3,22,NORMAL
2026-05-01 08:10:30,8,220.6,1.8,397.22,0.0011,25.9,5,26,NORMAL
2026-05-01 08:10:40,8,221.9,4.18,928.3,0.0026,31.8,9,22,NORMAL
2026-05-01 08:10:50,8,216.5,3.51,758.91,0.0021,30.8,10,22,NORMAL
2026-05-01 08:11:00,8,224.1,2.77,621.0,0.0017,29.9,3,24,NORMAL
2026-05-01 08:11:10,8,221.5,4.15,919.75,0.0026,30.0,7,22,NORMAL
2026-05-01 08:11:20,8,220.0,3.97,874.41,0.0024,31.9,3,22,NORMAL
2026-05-01 08:11:30,8,223.5,2.63,588.28,0.0016,27.7,9,24,NORMAL
2026-05-01 08:11:40,8,215.8,2.5,539.51,0.0015,28.8,9,24,NORMAL
2026-05-01 08:11:50,8,219.5,1.45,319.05,0.0009,24.8,8,26,NORMAL
2026-05-01 08:12:00,8,222.2,1.8,400.32,0.0011,25.6,7,26,NORMAL
2026-05-01 08:12:10,8,221.5,1.57,347.01,0.001,25.1,2,26,NORMAL
2026-05-01 08:12:20,8,224.6,2.91,653.6,0.0018,29.0,5,24,NORMAL
2026-05-01 08:12:30,8,222.4,1.92,426.58,0.0012,25.9,5,26,NORMAL
2026-05-01 08:12:40,8,222.4,1.48,328.08,0.0009,26.7,1,26,NORMAL
2026-05-01 08:12:50,8,223.2,3.47,775.3,0.0022,31.7,8,22,NORMAL
2026-05-01 08:13:00,8,220.2,2.42,532.37,0.0015,28.2,2,24,NORMAL
2026-05-01 08:13:10,8,223.6,2.54,567.93,0.0016,28.5,10,24,NORMAL
2026-05-01 08:13:20,8,219.6,2.03,446.77,0.0012,24.1,1,26,NORMAL
2026-05-01 08:13:30,8,222.9,2.43,541.79,0.0015,27.9,2,24,NORMAL
2026-05-01 08:13:40,8,217.0,4.17,905.58,0.0025,31.8,1,22,NORMAL
2026-05-01 08:13:50,8,215.4,2.04,439.07,0.0012,24.2,2,26,NORMAL
2026-05-01 08:14:00,8,219.8,3.9,858.16,0.0024,31.2,5,22,NORMAL
2026-05-01 08:14:10,8,217.4,3.09,671.12,0.0019,27.9,8,24,NORMAL
2026-05-01 08:14:20,8,218.5,2.26,493.34,0.0014,26.3,3,26,NORMAL
2026-05-01 08:14:30,8,215.1,3.7,796.05,0.0022,31.5,4,22,NORMAL
2026-05-01 08:14:40,8,215.3,5.8,1248.75,0.0025,31.5,0,22,ANOMALI
2026-05-01 08:14:50,8,218.1,3.51,765.26,0.0021,31.9,3,22,NORMAL
2026-05-01 08:15:00,8,219.0,1.39,303.55,0.0008,25.6,2,26,NORMAL
2026-05-01 08:15:10,8,215.7,2.09,450.21,0.0013,25.4,2,26,NORMAL
2026-05-01 08:15:20,8,215.7,3.35,722.38,0.002,31.7,2,22,NORMAL
2026-05-01 08:15:30,8,223.2,1.69,378.03,0.0011,26.2,6,26,NORMAL
2026-05-01 08:15:40,8,219.7,3.06,672.8,0.0019,27.7,7,24,NORMAL
2026-05-01 08:15:50,8,222.6,3.29,731.49,0.002,30.9,9,22,NORMAL
2026-05-01 08:16:00,8,221.0,4.28,946.35,0.0026,31.9,8,22,NORMAL
2026-05-01 08:16:10,8,216.3,2.93,632.88,0.0018,29.3,9,24,NORMAL
2026-05-01 08:16:20,8,216.6,1.52,328.85,0.0009,25.9,1,26,NORMAL
2026-05-01 08:16:30,8,223.5,1.57,351.75,0.001,26.3,2,26,NORMAL
2026-05-01 08:16:40,8,216.7,1.71,370.71,0.001,25.4,7,26,NORMAL
2026-05-01 08:16:50,8,216.3,2.18,472.04,0.0013,25.4,2,26,NORMAL
2026-05-01 08:17:00,8,221.7,2.78,615.34,0.0017,27.5,3,24,NORMAL
2026-05-01 08:17:10,8,219.8,3.96,870.23,0.0024,31.5,9,22,NORMAL
2026-05-01 08:17:20,8,216.0,1.51,326.14,0.0009,26.2,8,26,NORMAL
2026-05-01 08:17:30,8,217.7,2.38,517.82,0.0014,28.9,2,24,NORMAL
2026-05-01 08:17:40,8,220.9,2.08,458.67,0.0013,25.2,10,26,NORMAL
2026-05-01 08:17:50,8,220.0,3.32,729.9,0.002,30.6,4,22,NORMAL
2026-05-01 08:18:00,8,219.9,2.77,609.15,0.0017,28.3,1,24,NORMAL
2026-05-01 08:18:10,8,224.9,1.82,408.47,0.0011,24.1,6,26,NORMAL
2026-05-01 08:18:20,8,223.3,2.76,616.9,0.0017,27.9,5,24,NORMAL
2026-05-01 08:18:30,8,223.5,2.27,507.78,0.0014,28.6,4,24,NORMAL
2026-05-01 08:18:40,8,224.1,3.42,767.18,0.0021,31.5,9,22,NORMAL
2026-05-01 08:18:50,8,223.5,1.39,310.57,0.0009,24.1,10,26,NORMAL
2026-05-01 08:19:00,8,221.1,2.23,492.74,0.0014,26.3,10,26,NORMAL
2026-05-01 08:19:10,8,215.6,2.73,588.55,0.0016,29.0,3,24,NORMAL
2026-05-01 08:19:20,8,216.9,1.46,317.66,0.0009,24.2,4,26,NORMAL
2026-05-01 08:19:30,8,222.7,2.88,641.14,0.0018,29.3,10,24,NORMAL
2026-05-01 08:19:40,8,215.7,4.03,868.71,0.0024,31.5,1,22,NORMAL
2026-05-01 08:19:50,8,219.2,1.9,416.0,0.0012,24.8,8,26,NORMAL
